Date,Rainfall (mm),Temperature (C),Humidity (%),Evaporation Loss (mm),Water Level (m),Inflow (cumecs),Outflow (cumecs),Reservoir Storage (%),Power Generation (MW)
2014-01-01,4.58,14.8,59.77,0.2,505.0,254.75,235.34,41.67,105.37
2014-01-02,3.05,13.09,57.36,0.2,504.93,209.8,220.34,41.55,104.32
2014-01-03,2.86,15.01,59.34,0.2,505.45,259.11,224.04,42.42,107.68
2014-01-04,2.86,12.33,56.94,0.39,504.93,206.93,239.66,41.55,118.65
2014-01-05,8.68,13.08,55.71,0.2,504.54,219.69,237.14,40.9,119.69
2014-01-06,5.42,16.34,58.86,0.28,504.96,224.47,196.65,41.6,102.45
2014-01-07,2.46,12.96,53.62,0.2,504.44,188.28,228.79,40.73,102.57
2014-01-08,4.71,15.73,61.24,1.02,504.43,248.95,243.82,40.72,125.2
2014-01-09,3.9,11.39,59.68,0.2,504.81,253.3,227.65,41.35,115.43
2014-01-10,1.16,16.7,62.84,0.73,504.55,216.81,229.26,40.92,103.68
2014-01-11,1.76,12.67,57.28,0.2,505.15,240.07,215.3,41.92,111.34
2014-01-12,4.08,13.32,59.26,0.26,505.12,185.23,189.83,41.87,101.78
2014-01-13,8.15,15.71,54.38,0.22,504.92,247.67,261.74,41.53,106.45
2014-01-14,2.88,15.15,53.91,0.73,505.47,237.02,196.32,42.45,104.61
2014-01-15,2.35,16.15,51.11,1.09,504.96,213.53,253.95,41.6,104.75
2014-01-16,3.58,12.95,63.59,0.2,505.25,244.07,224.34,42.08,107.22
2014-01-17,2.26,14.5,56.46,0.29,504.68,208.77,246.06,41.13,109.46
2014-01-18,2.76,14.07,63.94,0.2,504.99,249.82,228.49,41.65,106.63
2014-01-19,3.31,13.4,48.34,0.4,504.71,236.06,245.5,41.18,118.56
2014-01-20,1.72,16.02,63.84,0.2,504.82,230.97,235.76,41.37,113.84
2014-01-21,5.6,16.62,58.76,0.35,504.96,213.56,211.58,41.6,103.16
2014-01-22,1.57,14.77,59.34,0.76,505.11,243.4,232.94,41.85,113.76
2014-01-23,3.79,17.63,53.77,1.6,505.47,255.77,230.08,42.45,121.35
2014-01-24,5.32,14.25,61.77,0.2,505.67,269.08,248.63,42.78,110.05
2014-01-25,3.73,17.76,56.48,1.89,505.28,218.5,231.86,42.13,102.68
2014-01-26,3.1,16.43,53.36,0.2,505.3,248.61,240.13,42.17,105.68
2014-01-27,2.75,13.84,53.96,0.2,506.15,264.93,217.2,43.58,114.93
2014-01-28,2.48,18.73,52.32,0.72,506.33,221.89,206.58,43.88,121.55
2014-01-29,6.45,15.18,61.41,0.39,506.82,264.92,240.89,44.7,124.32
2014-01-30,4.11,17.74,55.66,0.88,506.73,234.38,239.42,44.55,126.84
2014-01-31,2.61,16.24,51.5,0.26,506.52,204.18,211.13,44.2,97.07
2014-02-01,2.17,16.68,59.25,0.27,505.91,210.98,245.52,43.18,110.32
2014-02-02,4.93,17.56,49.94,0.75,505.21,196.59,245.16,42.02,105.96
2014-02-03,6.36,17.58,64.52,0.75,504.85,231.58,242.15,41.42,116.03
2014-02-04,5.99,15.89,67.53,0.68,504.62,231.58,240.28,41.03,109.67
2014-02-05,1.96,17.3,52.32,1.98,504.89,239.28,216.71,41.48,87.22
2014-02-06,2.74,17.29,62.11,0.62,505.7,269.55,221.87,42.83,116.94
2014-02-07,2.46,17.03,59.28,0.88,505.43,231.17,250.65,42.38,123.57
2014-02-08,2.97,16.51,56.27,1.28,505.36,219.52,225.41,42.27,125.17
2014-02-09,5.59,17.23,57.31,0.61,505.3,220.6,227.94,42.17,112.48
2014-02-10,7.68,19.97,61.77,1.0,504.57,188.45,244.83,40.95,115.95
2014-02-11,4.23,16.69,58.62,1.64,504.02,254.29,290.86,40.03,108.91
2014-02-12,2.22,19.05,46.92,1.52,503.78,233.1,239.97,39.63,96.77
2014-02-13,3.28,16.42,66.82,0.46,503.02,239.42,290.87,38.37,122.09
2014-02-14,8.64,16.14,62.52,0.2,502.75,237.32,249.01,37.92,110.05
2014-02-15,3.56,22.5,56.66,1.91,502.12,238.99,263.06,36.87,114.92
2014-02-16,2.78,18.51,54.91,2.17,501.15,200.75,266.25,35.25,101.55
2014-02-17,2.93,18.66,57.07,1.43,500.61,234.72,273.81,34.35,119.14
2014-02-18,4.23,18.82,63.41,1.04,500.08,221.24,258.93,33.47,100.9
2014-02-19,2.03,20.16,58.12,2.24,499.78,226.71,249.39,32.97,91.14
2014-02-20,2.46,18.78,59.2,0.35,498.89,198.78,267.38,31.48,93.57
2014-02-21,5.97,19.52,53.92,1.31,498.38,241.31,266.7,30.63,82.75
2014-02-22,4.17,16.83,57.64,1.87,498.06,231.96,249.12,30.1,84.06
2014-02-23,3.61,20.01,58.1,1.48,496.64,198.15,281.98,27.73,87.18
2014-02-24,6.18,18.31,62.25,0.93,496.5,260.94,273.39,27.5,99.22
2014-02-25,2.19,19.8,55.8,2.12,496.32,224.11,244.76,27.2,83.9
2014-02-26,2.77,16.34,62.49,1.08,495.94,223.01,243.29,26.57,90.53
2014-02-27,4.12,19.99,53.68,0.99,495.22,251.98,305.17,25.37,86.88
2014-02-28,4.03,15.81,59.8,0.62,495.15,259.67,258.33,25.25,74.85
2014-03-01,1.51,18.89,57.24,2.13,494.26,213.87,277.4,23.77,84.94
2014-03-02,2.64,16.87,52.68,0.57,493.32,229.19,273.21,22.2,71.52
2014-03-03,3.11,20.51,57.69,1.46,492.91,244.17,283.33,21.52,74.29
2014-03-04,4.44,19.8,56.35,1.52,492.0,259.4,310.5,20.0,90.79
2014-03-05,4.06,18.67,64.57,1.33,491.13,230.28,288.88,18.55,75.63
2014-03-06,3.32,22.11,56.0,1.38,490.6,242.97,288.58,17.67,63.77
2014-03-07,1.31,18.75,59.31,0.2,489.61,206.42,263.47,16.02,68.97
2014-03-08,3.44,15.68,54.81,0.63,488.9,192.23,253.02,14.83,53.99
2014-03-09,3.64,21.13,59.18,2.34,487.93,242.89,323.32,13.22,50.64
2014-03-10,13.91,17.84,61.73,0.7,487.29,224.88,272.41,12.15,64.31
2014-03-11,3.14,19.33,55.6,1.11,486.54,221.95,271.7,10.9,56.11
2014-03-12,4.26,19.99,70.35,1.05,486.19,266.12,287.25,10.32,52.57
2014-03-13,7.0,18.77,59.13,1.97,485.77,252.43,284.26,9.62,40.62
2014-03-14,5.61,20.3,58.75,1.23,485.1,265.3,315.23,8.5,49.79
2014-03-15,8.12,19.07,64.65,1.36,483.81,218.64,288.17,6.35,47.03
2014-03-16,1.7,21.56,54.73,1.42,483.35,226.04,253.29,5.58,33.88
2014-03-17,2.08,19.61,60.23,0.79,483.43,286.51,276.36,5.72,43.95
2014-03-18,2.63,21.63,60.35,2.27,482.45,222.75,281.2,4.08,51.39
2014-03-19,1.67,23.47,58.43,3.18,481.21,228.28,303.31,2.02,38.89
2014-03-20,3.85,23.04,67.72,2.42,480.72,232.97,254.07,1.2,37.38
2014-03-21,2.24,21.88,55.11,1.04,480.0,201.68,290.64,0.0,29.36
2014-03-22,8.95,20.65,67.61,1.17,480.0,273.8,307.18,0.0,25.79
2014-03-23,2.45,22.51,60.28,2.19,480.0,240.47,306.16,0.0,29.18
2014-03-24,3.17,21.37,62.76,1.74,480.0,237.4,287.41,0.0,39.69
2014-03-25,6.06,22.85,61.29,1.16,480.0,274.21,316.47,0.0,32.87
2014-03-26,2.08,20.11,66.77,0.63,480.0,270.74,279.6,0.0,30.55
2014-03-27,1.86,24.04,56.81,2.15,480.0,286.51,318.11,0.0,30.08
2014-03-28,4.35,23.01,61.48,2.12,480.0,230.23,290.45,0.0,23.53
2014-03-29,4.57,26.41,63.89,1.97,480.1,299.05,303.79,0.17,42.93
2014-03-30,6.14,25.19,57.54,3.12,480.0,261.36,298.82,0.0,31.34
2014-03-31,5.37,24.22,63.87,2.34,480.0,293.64,316.93,0.0,29.85
2014-04-01,4.79,23.32,59.94,1.76,480.03,281.66,280.93,0.05,32.69
2014-04-02,2.95,22.55,54.69,2.34,480.0,239.73,315.33,0.0,29.79
2014-04-03,4.72,25.19,53.86,2.21,480.0,236.24,315.39,0.0,35.69
2014-04-04,4.93,23.57,60.0,2.32,480.0,211.15,289.05,0.0,27.58
2014-04-05,3.06,25.8,63.03,1.91,480.0,203.45,294.83,0.0,33.49
2014-04-06,11.14,24.78,54.42,1.99,480.0,249.79,285.39,0.0,31.85
2014-04-07,5.58,24.92,61.4,2.41,480.19,302.26,288.07,0.32,45.99
2014-04-08,2.93,25.33,63.12,2.33,480.0,256.62,309.21,0.0,46.61
2014-04-09,6.67,23.19,56.72,2.54,480.0,256.35,310.11,0.0,38.79
2014-04-10,7.35,23.17,59.71,2.24,480.0,299.09,306.51,0.0,32.5
2014-04-11,5.67,23.24,63.99,3.19,480.0,252.85,282.11,0.0,37.7
2014-04-12,4.25,26.53,63.68,2.84,480.0,319.88,327.08,0.0,39.4
2014-04-13,3.53,23.67,67.42,0.5,480.0,269.97,304.0,0.0,29.72
2014-04-14,4.73,23.98,59.2,1.45,480.1,298.43,301.26,0.17,21.71
2014-04-15,5.79,26.14,58.22,2.44,480.0,269.5,338.17,0.0,21.16
2014-04-16,5.09,25.08,68.29,4.16,480.0,276.1,294.87,0.0,31.79
2014-04-17,9.91,25.02,60.77,2.66,480.0,314.72,332.12,0.0,30.68
2014-04-18,6.88,25.01,64.77,3.11,480.0,299.72,289.35,0.0,28.58
2014-04-19,3.94,22.34,71.27,2.2,480.55,332.23,296.19,0.92,28.99
2014-04-20,3.82,24.5,65.02,1.79,480.0,274.4,326.57,0.0,28.04
2014-04-21,6.76,27.84,65.49,2.35,480.0,266.53,309.68,0.0,37.84
2014-04-22,5.22,25.38,67.77,2.88,480.0,250.2,291.23,0.0,15.0
2014-04-23,7.69,23.45,66.51,1.01,480.0,329.14,346.09,0.0,38.93
2014-04-24,7.08,24.91,67.06,2.95,480.06,327.96,334.96,0.1,32.63
2014-04-25,5.87,27.07,61.59,3.11,480.47,304.79,282.11,0.78,43.8
2014-04-26,4.76,27.16,67.32,3.33,480.0,318.53,346.52,0.0,36.7
2014-04-27,4.31,26.32,64.6,3.04,480.35,339.27,309.74,0.58,22.39
2014-04-28,6.92,25.83,58.42,3.13,480.93,309.58,292.98,1.55,22.72
2014-04-29,4.78,24.87,64.94,2.57,480.61,269.8,305.31,1.02,27.26
2014-04-30,5.28,27.64,54.86,3.66,480.0,272.43,321.81,0.0,35.63
2014-05-01,7.22,28.45,67.13,3.37,480.0,296.05,328.26,0.0,22.06
2014-05-02,7.16,29.23,63.29,2.97,480.38,334.0,300.22,0.63,34.98
2014-05-03,5.49,25.73,72.44,2.31,480.41,309.21,301.42,0.68,39.28
2014-05-04,10.57,29.54,67.87,4.68,481.16,371.55,324.29,1.93,34.45
2014-05-05,10.63,27.51,70.46,3.17,481.52,326.26,319.24,2.53,32.99
2014-05-06,9.01,27.73,62.07,3.89,481.41,347.56,352.05,2.35,25.37
2014-05-07,9.19,29.13,68.88,2.97,481.55,326.67,325.84,2.58,50.22
2014-05-08,9.38,27.07,64.49,2.58,481.87,371.47,356.09,3.12,55.17
2014-05-09,11.01,24.73,73.0,1.64,482.14,387.77,365.99,3.57,52.48
2014-05-10,10.19,29.12,62.74,2.98,483.11,418.25,360.14,5.18,45.41
2014-05-11,7.38,28.68,66.89,2.6,484.89,396.23,284.6,8.15,48.86
2014-05-12,8.42,27.7,62.77,3.41,486.06,415.18,343.19,10.1,62.27
2014-05-13,18.54,29.26,71.71,3.24,487.35,441.22,350.18,12.25,63.88
2014-05-14,7.18,29.65,74.88,3.85,488.52,424.67,350.25,14.2,45.48
2014-05-15,8.69,26.22,71.54,2.5,489.99,395.06,305.54,16.65,75.31
2014-05-16,13.03,28.61,69.78,2.11,491.63,441.77,339.19,19.38,86.55
2014-05-17,8.81,25.23,59.63,2.99,493.87,474.74,332.43,23.12,93.17
2014-05-18,12.08,28.54,67.9,2.33,495.19,424.71,333.88,25.32,93.89
2014-05-19,10.63,28.24,71.69,3.27,496.87,457.47,352.38,28.12,105.91
2014-05-20,9.65,29.61,67.19,3.25,498.8,463.97,343.9,31.33,95.55
2014-05-21,11.48,27.33,76.61,2.9,500.31,444.77,338.98,33.85,109.79
2014-05-22,9.99,28.37,70.52,2.51,502.03,485.16,358.32,36.72,115.0
2014-05-23,11.35,24.25,76.58,2.4,503.84,456.89,348.34,39.73,135.24
2014-05-24,13.13,29.97,72.33,3.59,505.57,487.9,366.97,42.62,135.92
2014-05-25,14.56,29.06,71.5,3.2,507.41,484.61,354.21,45.68,138.47
2014-05-26,11.54,29.39,69.67,2.66,509.89,498.05,333.37,49.82,138.12
2014-05-27,11.57,27.07,68.46,3.87,512.53,529.2,348.86,54.22,150.63
2014-05-28,11.21,29.96,76.14,3.0,513.93,463.43,353.12,56.55,156.3
2014-05-29,15.91,31.9,71.59,4.21,516.65,538.55,362.04,61.08,181.66
2014-05-30,21.85,29.19,78.84,2.71,519.94,559.12,345.84,66.57,189.59
2014-05-31,16.93,30.49,72.54,5.59,522.13,542.43,385.16,70.22,204.78
2014-06-01,18.17,28.26,71.73,3.24,524.97,573.41,382.51,74.95,219.12
2014-06-02,13.32,29.49,76.22,3.03,527.79,560.07,362.23,79.65,213.7
2014-06-03,15.95,27.35,72.96,3.2,530.64,571.54,372.65,84.4,220.29
2014-06-04,17.28,30.87,74.07,4.12,534.14,598.02,358.4,90.23,247.42
2014-06-05,13.92,29.97,69.86,3.84,537.97,659.17,406.0,96.62,271.74
2014-06-06,13.63,27.93,73.62,2.86,540.0,610.04,422.85,100.0,291.6
2014-06-07,14.32,28.59,76.02,3.34,540.0,581.05,364.12,100.0,269.89
2014-06-08,16.22,29.91,75.39,3.39,540.0,629.35,408.61,100.0,280.68
2014-06-09,15.95,31.24,79.55,3.66,540.0,629.66,366.81,100.0,269.21
2014-06-10,18.14,32.1,77.72,3.55,540.0,586.06,366.69,100.0,277.6
2014-06-11,20.06,29.7,91.22,2.21,540.0,638.99,413.76,100.0,280.82
2014-06-12,17.41,27.87,80.29,3.09,540.0,655.66,384.99,100.0,278.77
2014-06-13,18.29,30.3,71.52,3.98,540.0,672.89,403.49,100.0,281.71
2014-06-14,16.33,32.63,76.36,4.77,540.0,677.17,384.77,100.0,261.82
2014-06-15,22.84,27.53,81.08,2.72,540.0,696.59,356.77,100.0,255.35
2014-06-16,20.99,28.55,78.31,2.93,540.0,678.41,436.58,100.0,289.9
2014-06-17,19.66,30.9,80.05,2.87,540.0,704.65,389.14,100.0,271.46
2014-06-18,18.94,30.22,77.33,3.47,540.0,714.54,397.78,100.0,271.07
2014-06-19,20.65,29.18,82.46,3.25,540.0,764.43,387.18,100.0,281.81
2014-06-20,19.4,30.33,72.87,2.74,540.0,719.79,410.4,100.0,271.3
2014-06-21,20.15,31.47,85.25,4.09,540.0,737.02,411.16,100.0,280.62
2014-06-22,22.04,29.85,75.82,3.08,540.0,745.24,366.74,100.0,261.63
2014-06-23,22.98,29.71,81.71,3.13,540.0,807.42,410.25,100.0,292.1
2014-06-24,23.21,30.87,79.78,3.87,540.0,795.52,422.18,100.0,300.0
2014-06-25,20.9,29.57,83.6,3.13,540.0,764.93,423.64,100.0,283.84
2014-06-26,20.32,31.67,80.98,4.44,540.0,805.38,418.2,100.0,290.21
2014-06-27,20.98,32.99,82.79,4.33,540.0,775.26,414.99,100.0,292.13
2014-06-28,28.27,28.59,90.65,2.6,540.0,822.22,396.07,100.0,283.46
2014-06-29,22.53,28.03,87.34,1.08,540.0,855.36,386.78,100.0,279.72
2014-06-30,23.67,30.45,84.32,3.83,540.0,783.19,393.82,100.0,264.04
2014-07-01,26.58,27.94,88.11,2.0,540.0,823.24,380.5,100.0,280.4
2014-07-02,23.74,27.88,93.16,2.85,540.0,862.96,396.18,100.0,279.72
2014-07-03,26.86,26.73,90.3,2.47,540.0,852.96,393.84,100.0,274.85
2014-07-04,24.22,29.2,84.28,2.92,540.0,876.81,393.12,100.0,275.67
2014-07-05,23.93,29.69,90.45,3.44,540.0,875.53,421.82,100.0,287.24
2014-07-06,32.32,28.93,90.64,3.02,540.0,850.35,386.55,100.0,272.33
2014-07-07,28.66,31.76,83.06,3.86,540.0,921.18,453.54,100.0,293.14
2014-07-08,29.44,31.6,86.69,2.69,540.0,881.6,430.05,100.0,281.23
2014-07-09,24.23,32.48,79.31,4.01,540.0,925.14,439.96,100.0,294.83
2014-07-10,24.99,29.61,77.35,2.71,540.0,915.16,400.24,100.0,277.38
2014-07-11,26.39,31.27,82.88,3.03,540.0,981.68,427.35,100.0,281.66
2014-07-12,26.01,29.91,87.54,2.92,540.0,918.79,392.38,100.0,276.67
2014-07-13,29.0,29.71,88.92,3.74,540.0,934.08,419.19,100.0,284.89
2014-07-14,28.58,28.64,83.02,3.1,540.0,950.08,381.19,100.0,275.93
2014-07-15,31.49,25.89,81.24,2.5,540.0,958.81,438.39,100.0,290.55
2014-07-16,26.5,30.18,93.45,3.38,540.0,953.38,402.7,100.0,283.61
2014-07-17,27.93,30.9,88.39,2.89,540.0,935.62,418.26,100.0,282.38
2014-07-18,31.09,26.82,96.8,1.26,540.0,963.96,425.47,100.0,285.2
2014-07-19,26.84,29.03,94.28,1.8,540.0,920.1,397.28,100.0,279.5
2014-07-20,26.68,30.46,90.79,3.26,540.0,973.76,399.67,100.0,281.03
2014-07-21,32.29,28.37,91.02,3.11,540.0,1046.12,423.3,100.0,294.39
2014-07-22,33.33,30.62,88.99,3.69,540.0,988.17,432.27,100.0,296.13
2014-07-23,27.52,28.55,91.79,2.22,540.0,988.28,412.48,100.0,282.13
2014-07-24,28.17,27.9,88.77,3.24,540.0,944.6,420.11,100.0,275.02
2014-07-25,32.2,30.49,87.92,4.26,540.0,973.05,427.37,100.0,292.01
2014-07-26,30.37,27.13,82.19,2.87,540.0,1013.69,412.89,100.0,286.26
2014-07-27,26.37,27.36,88.59,3.18,540.0,944.68,403.28,100.0,281.0
2014-07-28,26.94,27.03,93.65,2.63,540.0,962.14,410.07,100.0,287.08
2014-07-29,28.49,26.57,95.06,1.93,540.0,995.19,434.23,100.0,286.84
2014-07-30,31.16,28.43,90.74,2.3,540.0,999.42,404.27,100.0,268.64
2014-07-31,29.49,27.34,86.63,1.68,540.0,974.65,429.29,100.0,281.71
2014-08-01,28.4,28.75,92.91,2.43,540.0,983.01,411.99,100.0,262.0
2014-08-02,27.42,25.33,89.85,1.77,540.0,982.78,391.21,100.0,278.71
2014-08-03,34.95,26.15,91.19,1.94,540.0,958.05,400.48,100.0,278.12
2014-08-04,27.88,27.82,83.46,2.64,540.0,980.32,381.33,100.0,278.46
2014-08-05,30.84,29.85,98.0,1.63,540.0,988.62,377.13,100.0,276.36
2014-08-06,27.62,28.11,91.95,2.91,540.0,977.1,413.52,100.0,279.34
2014-08-07,25.96,26.56,92.12,2.57,540.0,926.57,408.82,100.0,275.49
2014-08-08,28.6,25.11,86.71,2.11,540.0,1000.42,402.32,100.0,273.66
2014-08-09,29.6,26.27,90.46,1.52,540.0,934.67,393.12,100.0,289.63
2014-08-10,32.32,27.07,90.59,2.48,540.0,963.15,383.93,100.0,272.21
2014-08-11,27.16,23.49,92.97,1.34,540.0,965.39,398.23,100.0,275.95
2014-08-12,26.59,25.1,94.47,1.93,540.0,943.48,430.2,100.0,290.17
2014-08-13,27.68,25.71,83.45,2.95,540.0,955.75,411.62,100.0,271.06
2014-08-14,25.14,26.32,83.59,2.23,540.0,919.15,383.42,100.0,270.33
2014-08-15,27.26,26.51,91.15,2.23,540.0,979.93,389.81,100.0,269.16
2014-08-16,27.07,25.56,86.63,1.61,540.0,915.19,374.83,100.0,262.88
2014-08-17,25.97,27.12,90.89,2.76,540.0,938.56,356.64,100.0,262.67
2014-08-18,25.86,26.43,86.17,2.62,540.0,881.04,365.57,100.0,267.71
2014-08-19,30.8,25.57,84.77,2.21,540.0,930.42,395.11,100.0,268.08
2014-08-20,26.26,26.98,80.35,2.06,540.0,887.65,355.55,100.0,261.6
2014-08-21,24.66,26.73,88.61,1.93,540.0,861.51,363.65,100.0,267.32
2014-08-22,23.14,23.59,88.89,0.57,540.0,859.61,345.59,100.0,264.12
2014-08-23,26.12,25.6,91.17,1.57,540.0,859.72,382.65,100.0,270.95
2014-08-24,23.12,26.86,86.86,2.71,540.0,865.52,341.32,100.0,261.9
2014-08-25,23.62,26.99,70.51,3.08,540.0,924.35,386.44,100.0,271.61
2014-08-26,24.19,25.83,87.96,2.15,540.0,913.9,392.56,100.0,285.01
2014-08-27,28.86,24.8,82.12,2.73,540.0,840.28,353.45,100.0,267.29
2014-08-28,26.35,25.65,79.04,2.44,540.0,866.22,349.04,100.0,257.37
2014-08-29,23.43,26.11,77.06,2.18,540.0,804.8,362.03,100.0,262.77
2014-08-30,27.67,24.94,78.55,1.78,540.0,783.32,380.32,100.0,274.86
2014-08-31,24.9,24.98,86.67,1.78,540.0,831.03,381.23,100.0,268.73
2014-09-01,20.03,24.13,80.74,1.64,540.0,822.89,350.67,100.0,249.08
2014-09-02,26.53,22.37,80.51,1.9,540.0,822.12,333.33,100.0,259.09
2014-09-03,21.95,23.98,84.16,1.93,540.0,820.1,345.02,100.0,258.09
2014-09-04,18.91,23.09,78.48,1.51,540.0,763.7,306.37,100.0,253.13
2014-09-05,23.66,22.97,88.55,1.2,540.0,764.58,328.16,100.0,255.65
2014-09-06,21.3,25.99,88.36,2.45,540.0,778.09,349.28,100.0,266.67
2014-09-07,20.14,25.14,81.26,2.6,540.0,769.87,330.66,100.0,273.8
2014-09-08,22.02,21.03,89.4,0.2,540.0,710.13,316.02,100.0,260.44
2014-09-09,19.49,21.81,87.92,0.98,540.0,731.64,329.13,100.0,253.22
2014-09-10,20.15,22.76,82.51,1.51,540.0,729.61,323.53,100.0,256.84
2014-09-11,18.58,22.21,88.41,1.42,540.0,705.3,339.36,100.0,259.78
2014-09-12,18.34,23.51,78.27,1.84,540.0,675.77,292.28,100.0,245.72
2014-09-13,16.5,21.03,72.7,1.53,540.0,675.15,328.24,100.0,244.42
2014-09-14,19.04,24.19,74.14,1.95,540.0,680.19,316.54,100.0,259.01
2014-09-15,25.34,22.55,80.45,1.07,540.0,648.85,320.45,100.0,236.75
2014-09-16,16.53,21.97,81.67,1.68,540.0,627.28,279.76,100.0,239.7
2014-09-17,15.46,22.32,74.13,2.01,540.0,696.75,334.63,100.0,245.14
2014-09-18,15.48,21.58,76.03,1.69,540.0,641.02,318.49,100.0,247.33
2014-09-19,14.23,19.02,73.76,1.21,540.0,644.82,340.68,100.0,260.85
2014-09-20,15.44,21.95,75.5,0.99,540.0,603.54,283.4,100.0,247.07
2014-09-21,15.29,21.31,83.37,0.82,540.0,615.41,289.17,100.0,250.0
2014-09-22,15.27,20.22,79.5,1.48,540.0,583.72,259.47,100.0,231.96
2014-09-23,17.22,23.16,75.4,1.96,540.0,592.16,279.0,100.0,246.51
2014-09-24,13.44,22.39,81.06,1.44,540.0,541.5,315.61,100.0,250.9
2014-09-25,13.23,24.9,75.19,2.09,540.0,514.67,287.86,100.0,237.44
2014-09-26,12.14,22.36,75.7,2.2,540.0,535.02,269.55,100.0,239.16
2014-09-27,12.5,20.0,80.33,0.2,540.0,500.11,280.58,100.0,233.66
2014-09-28,11.05,19.47,73.72,1.05,540.0,466.31,270.71,100.0,235.99
2014-09-29,15.38,19.96,80.09,0.8,540.0,523.32,241.4,100.0,224.16
2014-09-30,11.17,19.56,77.99,0.2,540.0,461.77,234.89,100.0,214.57
2014-10-01,10.89,20.59,73.35,2.01,540.0,521.37,299.64,100.0,248.51
2014-10-02,12.32,17.98,69.45,0.2,540.0,527.1,292.21,100.0,244.83
2014-10-03,10.51,21.13,73.17,1.4,540.0,447.97,235.05,100.0,233.52
2014-10-04,10.13,20.16,77.56,1.23,540.0,476.8,265.67,100.0,222.22
2014-10-05,9.69,20.69,75.7,0.66,540.0,507.71,257.68,100.0,227.74
2014-10-06,9.9,18.04,79.89,0.5,540.0,442.04,283.08,100.0,248.79
2014-10-07,11.29,20.0,70.81,1.01,540.0,461.73,272.37,100.0,241.16
2014-10-08,13.11,21.44,75.94,1.83,540.0,504.83,246.97,100.0,234.37
2014-10-09,8.86,18.07,67.87,2.49,540.0,395.55,254.27,100.0,241.8
2014-10-10,10.03,17.9,72.97,0.71,540.0,407.16,251.99,100.0,225.56
2014-10-11,8.97,20.17,75.24,1.34,540.0,440.0,256.18,100.0,226.2
2014-10-12,14.92,17.52,77.38,0.2,540.0,480.88,252.11,100.0,236.94
2014-10-13,13.84,18.5,73.21,0.79,540.0,404.94,250.65,100.0,234.91
2014-10-14,7.28,20.94,68.13,1.25,540.0,476.18,243.07,100.0,227.17
2014-10-15,8.96,17.29,66.76,0.96,540.0,412.1,225.98,100.0,221.48
2014-10-16,8.97,20.79,68.56,0.68,540.0,354.96,215.51,100.0,212.4
2014-10-17,7.63,17.85,64.33,0.25,540.0,427.71,229.66,100.0,234.79
2014-10-18,7.17,16.55,68.18,0.93,540.0,361.27,248.42,100.0,243.95
2014-10-19,6.71,19.02,61.18,1.27,540.0,378.87,250.92,100.0,238.38
2014-10-20,6.91,18.15,63.25,1.55,540.0,318.72,261.44,100.0,238.51
2014-10-21,9.53,17.89,72.84,0.72,540.0,338.21,229.93,100.0,227.95
2014-10-22,8.48,16.6,72.14,0.49,540.0,317.04,244.7,100.0,230.88
2014-10-23,7.18,17.79,66.93,0.53,540.0,310.59,230.02,100.0,211.52
2014-10-24,5.95,14.42,68.65,0.2,540.0,348.19,240.09,100.0,223.76
2014-10-25,6.06,17.74,68.03,1.13,540.0,354.96,250.68,100.0,236.23
2014-10-26,14.65,19.24,71.85,0.83,540.0,331.84,242.1,100.0,221.8
2014-10-27,12.26,14.54,71.67,0.33,540.0,312.27,229.11,100.0,224.65
2014-10-28,5.55,16.47,61.45,0.47,540.0,310.43,213.84,100.0,226.76
2014-10-29,4.86,15.66,56.79,0.2,540.0,346.74,236.53,100.0,234.15
2014-10-30,5.43,14.6,62.84,0.2,540.0,336.17,256.18,100.0,238.81
2014-10-31,5.55,13.68,66.43,0.2,540.0,325.61,230.31,100.0,225.93
2014-11-01,4.33,14.88,69.85,0.33,540.0,339.35,220.45,100.0,226.37
2014-11-02,6.53,16.19,67.24,0.2,540.0,313.61,240.45,100.0,225.51
2014-11-03,5.48,18.18,67.24,1.14,540.0,307.81,194.98,100.0,224.52
2014-11-04,4.89,14.07,62.33,0.2,540.0,353.41,221.87,100.0,210.1
2014-11-05,4.48,16.7,64.51,0.79,540.0,283.17,198.48,100.0,214.2
2014-11-06,7.51,16.49,66.15,0.24,540.0,352.38,225.63,100.0,219.15
2014-11-07,4.11,18.58,60.71,1.17,540.0,322.26,248.07,100.0,234.43
2014-11-08,15.44,16.84,64.34,1.0,540.0,292.98,231.18,100.0,221.85
2014-11-09,5.54,16.83,63.59,0.54,540.0,319.51,184.61,100.0,226.2
2014-11-10,5.26,16.85,66.86,0.2,540.0,293.26,205.31,100.0,222.33
2014-11-11,6.2,14.33,61.57,0.2,540.0,258.72,182.18,100.0,201.5
2014-11-12,10.24,14.77,65.68,0.24,540.0,302.4,239.56,100.0,208.25
2014-11-13,3.75,17.22,68.45,0.2,540.0,245.46,197.91,100.0,205.58
2014-11-14,6.25,12.39,63.25,0.2,540.0,287.42,217.08,100.0,223.63
2014-11-15,6.05,14.37,64.54,0.2,540.0,301.26,219.85,100.0,218.75
2014-11-16,7.62,13.32,64.89,0.2,540.0,276.56,217.53,100.0,215.83
2014-11-17,3.99,15.59,62.28,1.33,540.0,276.28,155.29,100.0,194.8
2014-11-18,7.17,14.53,71.16,0.2,540.0,279.93,220.69,100.0,226.67
2014-11-19,3.22,16.03,63.55,0.2,540.0,289.49,203.74,100.0,213.1
2014-11-20,2.32,14.86,55.9,0.2,540.0,263.37,227.52,100.0,220.01
2014-11-21,4.32,12.64,69.63,0.2,540.0,246.76,212.01,100.0,225.03
2014-11-22,6.74,12.65,65.46,0.2,540.0,277.84,225.1,100.0,233.21
2014-11-23,4.4,14.82,61.15,0.2,540.0,256.29,194.54,100.0,204.66
2014-11-24,4.51,13.62,68.33,0.2,540.0,199.95,177.97,100.0,215.39
2014-11-25,5.55,13.92,60.03,0.2,540.0,248.74,225.58,100.0,221.65
2014-11-26,5.33,16.07,69.16,0.23,540.0,245.23,218.44,100.0,226.56
2014-11-27,7.87,15.74,63.67,0.46,540.0,262.75,214.18,100.0,223.36
2014-11-28,3.06,17.25,64.83,0.23,540.0,257.05,213.26,100.0,218.61
2014-11-29,4.92,14.03,74.69,0.2,540.0,207.13,209.75,100.0,217.78
2014-11-30,8.91,13.5,64.79,0.2,540.0,223.2,177.89,100.0,211.79
2014-12-01,4.84,15.04,61.49,0.2,539.96,235.15,227.06,99.93,215.1
2014-12-02,7.86,13.53,59.17,0.2,540.0,259.87,206.2,100.0,208.21
2014-12-03,2.96,13.54,60.9,0.81,540.0,284.28,210.48,100.0,232.15
2014-12-04,6.53,13.99,58.44,0.2,540.0,219.3,194.95,100.0,220.77
2014-12-05,6.54,16.74,60.92,0.44,540.0,238.2,156.84,100.0,207.3
2014-12-06,1.67,15.28,71.65,0.2,540.0,248.16,219.33,100.0,219.33
2014-12-07,4.36,15.41,61.51,0.2,540.0,219.96,183.75,100.0,197.53
2014-12-08,4.06,16.57,58.26,0.81,540.0,246.69,210.03,100.0,213.72
2014-12-09,5.96,15.49,60.64,0.2,540.0,259.13,193.48,100.0,214.99
2014-12-10,4.04,12.42,59.91,0.2,540.0,219.75,197.28,100.0,221.4
2014-12-11,15.25,15.42,69.26,0.2,540.0,268.17,203.62,100.0,218.38
2014-12-12,9.95,15.59,62.46,0.44,540.0,265.67,194.57,100.0,215.67
2014-12-13,5.1,15.03,67.41,0.63,540.0,241.09,203.46,100.0,214.13
2014-12-14,4.14,13.75,59.64,0.2,540.0,263.04,201.89,100.0,219.37
2014-12-15,1.85,14.85,58.59,0.2,540.0,274.14,192.63,100.0,205.49
2014-12-16,3.95,13.99,57.04,0.45,540.0,279.68,238.0,100.0,227.29
2014-12-17,3.74,12.54,59.38,0.2,540.0,275.21,198.14,100.0,212.01
2014-12-18,14.41,12.91,58.08,0.2,540.0,234.54,219.62,100.0,230.63
2014-12-19,4.82,15.06,51.95,0.38,540.0,233.86,221.97,100.0,201.28
2014-12-20,6.65,12.64,64.37,0.2,540.0,258.01,231.05,100.0,223.12
2014-12-21,2.43,12.78,53.1,0.26,540.0,240.77,199.44,100.0,215.78
2014-12-22,5.83,15.14,62.31,0.2,540.0,287.8,213.8,100.0,205.67
2014-12-23,1.17,14.21,57.05,0.2,540.0,238.61,207.44,100.0,221.79
2014-12-24,7.41,14.89,65.05,0.22,540.0,241.43,222.17,100.0,220.41
2014-12-25,2.08,12.19,53.03,0.45,540.0,248.64,208.29,100.0,210.2
2014-12-26,1.75,14.87,61.33,0.91,540.0,235.31,220.75,100.0,228.01
2014-12-27,3.12,13.07,61.31,0.2,540.0,234.45,206.79,100.0,211.19
2014-12-28,5.62,12.56,62.54,0.2,540.0,240.38,235.62,100.0,231.31
2014-12-29,3.09,13.34,64.3,0.6,540.0,223.14,210.94,100.0,219.03
2014-12-30,1.83,16.17,58.69,1.32,539.85,203.67,206.12,99.75,212.84
2014-12-31,4.7,13.6,50.5,0.37,540.0,274.81,226.75,100.0,215.74
2015-01-01,3.0,17.48,59.41,0.2,539.44,206.55,242.96,99.07,221.17
2015-01-02,2.15,11.11,60.47,0.2,540.0,265.0,207.47,100.0,222.77
2015-01-03,3.67,11.92,58.58,0.2,539.93,233.11,236.14,99.88,233.66
2015-01-04,3.09,16.26,54.66,1.58,540.0,211.55,196.35,100.0,217.91
2015-01-05,3.69,16.67,56.7,0.2,540.0,238.85,218.27,100.0,219.88
2015-01-06,14.45,13.05,69.37,0.33,540.0,262.95,205.72,100.0,220.9
2015-01-07,1.67,14.49,54.32,0.2,540.0,285.49,218.2,100.0,222.27
2015-01-08,7.8,15.5,53.19,0.2,540.0,216.25,202.31,100.0,210.74
2015-01-09,1.6,14.14,52.22,0.71,540.0,243.26,234.55,100.0,218.9
2015-01-10,3.8,14.75,58.65,0.49,540.0,281.37,217.02,100.0,217.48
2015-01-11,3.03,14.6,65.22,0.2,540.0,247.33,233.14,100.0,220.41
2015-01-12,4.67,12.41,68.67,0.2,540.0,245.62,212.44,100.0,219.12
2015-01-13,2.64,14.17,61.12,0.65,540.0,262.18,226.06,100.0,233.83
2015-01-14,3.19,14.76,54.64,0.2,539.67,223.27,250.2,99.45,231.19
2015-01-15,3.15,14.96,55.0,1.18,539.17,166.78,198.4,98.62,221.42
2015-01-16,3.4,12.27,62.92,0.2,539.45,218.17,207.23,99.08,214.82
2015-01-17,3.56,16.06,63.67,0.2,540.0,275.85,226.25,100.0,221.47
2015-01-18,3.07,15.19,55.85,0.39,540.0,233.72,225.27,100.0,211.72
2015-01-19,2.66,13.48,64.48,0.2,539.73,204.35,234.41,99.55,228.86
2015-01-20,2.88,17.83,56.65,1.07,540.0,258.34,231.74,100.0,219.81
2015-01-21,3.88,14.68,61.78,0.2,540.0,246.88,234.87,100.0,219.39
2015-01-22,3.93,14.85,63.48,0.2,540.0,230.04,205.17,100.0,208.78
2015-01-23,2.19,16.31,51.85,1.71,540.0,239.59,236.55,100.0,228.43
2015-01-24,1.84,18.25,58.87,1.04,539.68,198.23,231.71,99.47,219.31
2015-01-25,1.27,16.53,63.08,0.92,539.18,212.04,241.5,98.63,236.37
2015-01-26,9.6,16.83,58.38,1.17,539.28,228.63,224.84,98.8,227.71
2015-01-27,1.55,14.17,53.98,1.05,539.67,253.94,235.94,99.45,220.94
2015-01-28,1.98,15.89,59.86,0.2,539.24,212.42,244.84,98.73,209.48
2015-01-29,5.39,15.05,60.04,0.2,539.45,231.19,213.25,99.08,217.56
2015-01-30,1.43,16.99,56.04,1.68,540.0,268.13,204.95,100.0,213.63
2015-01-31,2.35,17.22,57.66,1.12,540.0,283.63,221.9,100.0,227.48
2015-02-01,6.14,18.57,52.11,1.39,539.65,206.12,220.58,99.42,219.8
2015-02-02,3.28,12.97,60.96,0.2,539.2,233.48,259.84,98.67,238.79
2015-02-03,11.78,15.36,68.41,0.2,538.12,202.53,275.26,96.87,235.36
2015-02-04,5.12,18.35,55.64,1.6,538.58,245.8,223.91,97.63,208.4
2015-02-05,1.52,14.4,54.95,0.2,538.66,237.6,240.13,97.77,217.48
2015-02-06,3.57,17.81,58.77,1.18,539.19,272.05,237.39,98.65,220.39
2015-02-07,1.3,18.41,68.39,1.32,538.72,208.31,248.95,97.87,224.5
2015-02-08,4.76,16.77,63.3,0.92,538.13,193.68,243.69,96.88,220.19
2015-02-09,2.48,14.78,58.23,0.2,538.51,260.27,231.52,97.52,224.54
2015-02-10,4.69,16.84,59.06,0.69,538.17,211.53,230.29,96.95,221.54
2015-02-11,8.9,19.32,64.66,1.78,538.18,240.86,245.23,96.97,219.78
2015-02-12,8.66,19.55,56.08,1.75,538.06,255.12,275.82,96.77,236.51
2015-02-13,3.04,17.67,60.51,1.73,537.83,225.36,234.67,96.38,210.09
2015-02-14,5.58,16.0,55.13,0.2,537.78,230.4,218.47,96.3,217.98
2015-02-15,2.69,20.19,60.92,1.92,537.72,275.08,283.26,96.2,239.1
2015-02-16,3.82,18.93,56.9,0.87,537.74,255.77,265.26,96.23,229.42
2015-02-17,1.39,16.45,58.68,0.57,537.72,226.88,228.73,96.2,219.76
2015-02-18,2.04,18.44,56.13,1.86,537.48,222.33,258.44,95.8,229.1
2015-02-19,4.85,18.49,61.5,0.53,536.8,232.57,271.1,94.67,233.42
2015-02-20,1.27,17.21,56.99,1.9,536.31,232.02,257.68,93.85,225.52
2015-02-21,3.6,18.81,66.81,1.5,535.71,253.73,287.33,92.85,235.7
2015-02-22,3.8,20.07,63.59,1.65,535.07,225.63,268.0,91.78,208.23
2015-02-23,4.97,18.09,53.8,0.69,534.71,242.01,266.48,91.18,218.49
2015-02-24,1.42,20.47,57.68,1.55,534.27,243.51,265.71,90.45,215.52
2015-02-25,1.33,16.16,61.15,0.28,534.09,244.16,265.47,90.15,216.22
2015-02-26,6.26,22.24,56.57,1.5,533.83,266.39,284.68,89.72,226.2
2015-02-27,3.83,19.13,63.25,1.68,533.25,230.01,259.7,88.75,211.53
2015-02-28,2.77,20.78,61.91,1.39,532.3,212.8,280.14,87.17,213.88
2015-03-01,1.42,19.63,57.04,1.36,531.48,218.15,269.22,85.8,210.61
2015-03-02,2.67,18.19,62.28,0.87,531.11,245.43,270.22,85.18,195.81
2015-03-03,1.8,19.51,48.02,1.58,530.61,219.74,259.13,84.35,212.46
2015-03-04,6.09,16.83,65.66,0.75,530.93,283.42,269.9,84.88,204.92
2015-03-05,1.62,20.86,60.83,1.33,530.29,224.92,274.51,83.82,215.08
2015-03-06,3.02,20.25,53.73,2.21,529.04,203.51,286.21,81.73,197.62
2015-03-07,5.73,19.8,60.36,1.09,528.28,240.57,282.62,80.47,193.6
2015-03-08,5.1,21.35,50.59,2.06,528.4,276.49,264.66,80.67,194.01
2015-03-09,2.66,20.42,55.0,1.05,528.01,212.4,238.38,80.02,187.55
2015-03-10,5.17,21.4,63.21,2.24,527.14,217.63,286.96,78.57,193.6
2015-03-11,5.78,22.07,58.88,2.66,525.69,238.78,330.01,76.15,197.42
2015-03-12,3.85,19.94,58.59,1.84,525.02,224.61,269.73,75.03,188.0
2015-03-13,4.66,19.65,59.53,1.46,524.0,206.63,264.29,73.33,190.73
2015-03-14,3.15,18.45,58.88,1.08,522.72,203.0,290.44,71.2,194.15
2015-03-15,6.98,21.36,63.85,0.89,522.49,250.6,264.95,70.82,173.56
2015-03-16,3.44,21.99,55.89,1.39,521.64,259.31,314.4,69.4,176.84
2015-03-17,1.72,19.46,60.19,1.68,520.72,220.92,287.96,67.87,173.1
2015-03-18,4.91,23.72,54.01,2.47,519.94,237.53,282.67,66.57,182.98
2015-03-19,2.07,20.49,61.47,0.85,519.7,242.66,269.47,66.17,174.37
2015-03-20,7.69,18.71,60.08,0.42,518.31,212.04,298.98,63.85,171.62
2015-03-21,4.73,24.24,58.45,2.87,518.19,263.74,281.19,63.65,161.32
2015-03-22,1.57,19.18,57.5,1.76,517.16,247.88,302.85,61.93,172.06
2015-03-23,6.19,23.72,58.59,1.66,516.57,258.34,299.18,60.95,178.62
2015-03-24,4.47,23.49,54.98,2.55,515.83,266.69,319.23,59.72,163.35
2015-03-25,5.73,23.03,61.06,2.37,515.84,307.86,303.71,59.73,147.35
2015-03-26,3.96,21.9,61.69,1.58,513.91,221.07,350.78,56.52,156.47
2015-03-27,7.66,23.58,55.22,3.11,512.83,234.84,302.55,54.72,150.59
2015-03-28,2.74,24.53,56.01,2.53,512.72,294.49,304.25,54.53,149.0
2015-03-29,6.57,21.62,61.03,0.97,512.47,272.9,291.23,54.12,156.2
2015-03-30,4.75,24.7,56.97,2.62,511.85,257.62,315.16,53.08,144.91
2015-03-31,1.97,24.77,57.45,3.4,510.95,241.66,288.8,51.58,139.65
2015-04-01,1.98,23.95,65.17,2.11,510.34,239.68,281.25,50.57,132.82
2015-04-02,3.55,22.83,55.71,1.76,509.58,242.47,288.66,49.3,141.5
2015-04-03,2.84,25.18,49.67,3.37,508.31,205.5,289.52,47.18,125.72
2015-04-04,2.05,24.67,56.48,2.85,507.01,263.99,348.0,45.02,135.37
2015-04-05,2.53,22.52,58.53,2.12,505.34,191.45,298.83,42.23,112.15
2015-04-06,4.0,23.62,58.27,2.65,504.35,224.95,285.63,40.58,113.54
2015-04-07,3.03,25.54,60.47,2.48,503.11,235.83,323.09,38.52,130.17
2015-04-08,13.85,24.61,60.02,2.3,503.06,319.17,318.41,38.43,130.08
2015-04-09,3.37,26.2,54.9,3.52,502.02,266.58,333.46,36.7,120.76
2015-04-10,8.13,24.19,59.55,2.03,501.1,287.44,349.74,35.17,118.0
2015-04-11,10.21,23.33,60.87,3.06,500.83,269.07,279.7,34.72,99.72
2015-04-12,3.79,28.25,68.07,3.89,501.56,315.55,269.79,35.93,106.63
2015-04-13,3.74,22.56,67.64,1.29,501.28,353.14,363.53,35.47,118.71
2015-04-14,3.98,24.46,54.43,3.47,501.2,294.36,301.89,35.33,108.66
2015-04-15,4.63,25.76,53.41,3.16,501.09,269.92,278.74,35.15,110.54
2015-04-16,4.35,26.94,60.48,3.86,499.91,220.06,295.47,33.18,96.47
2015-04-17,3.43,26.56,68.38,2.91,499.64,289.61,297.77,32.73,120.36
2015-04-18,6.07,29.18,63.83,3.54,498.96,253.43,296.95,31.6,111.28
2015-04-19,4.62,25.65,61.68,2.67,497.78,262.37,331.55,29.63,94.37
2015-04-20,15.15,24.64,64.68,1.24,497.85,323.65,317.12,29.75,99.26
2015-04-21,8.23,25.74,67.89,3.11,498.05,297.07,288.63,30.08,91.43
2015-04-22,4.97,25.71,63.17,2.43,497.84,311.46,324.45,29.73,103.84
2015-04-23,7.28,26.2,70.35,3.17,498.35,337.02,311.25,30.58,98.95
2015-04-24,7.28,24.95,57.23,3.61,498.18,307.51,319.48,30.3,86.83
2015-04-25,9.24,27.71,65.82,2.91,497.77,286.21,318.04,29.62,91.88
2015-04-26,4.05,27.2,60.13,2.93,497.55,326.19,345.39,29.25,110.21
2015-04-27,4.49,24.86,65.12,3.02,497.92,335.6,320.36,29.87,97.63
2015-04-28,5.04,28.32,63.84,3.18,497.17,301.76,339.92,28.62,97.23
2015-04-29,6.55,25.76,66.45,3.36,497.2,302.49,294.72,28.67,98.08
2015-04-30,5.3,25.31,68.15,2.19,496.36,287.62,342.9,27.27,102.72
2015-05-01,5.96,27.32,69.67,3.71,496.13,339.38,359.19,26.88,96.57
2015-05-02,10.09,24.66,74.57,2.03,496.83,381.95,335.5,28.05,81.85
2015-05-03,8.69,28.28,65.39,3.52,497.47,366.69,321.94,29.12,92.1
2015-05-04,6.67,23.24,64.08,2.63,498.04,345.02,313.98,30.07,83.79
2015-05-05,9.79,26.05,61.96,3.16,498.52,376.22,340.16,30.87,94.11
2015-05-06,8.99,30.06,67.3,4.28,498.22,346.29,360.95,30.37,105.97
2015-05-07,12.34,26.76,71.45,2.07,499.01,383.95,334.18,31.68,105.28
2015-05-08,9.79,27.12,61.81,2.97,499.17,353.55,360.78,31.95,117.98
2015-05-09,7.94,29.89,70.44,3.64,500.09,383.95,320.48,33.48,106.88
2015-05-10,8.81,26.88,66.93,2.58,501.12,416.74,341.77,35.2,107.72
2015-05-11,9.58,29.3,62.13,4.2,502.03,415.63,348.12,36.72,126.62
2015-05-12,8.15,30.0,63.21,3.6,502.79,407.49,352.45,37.98,133.98
2015-05-13,9.55,29.05,63.9,3.21,503.92,408.08,341.88,39.87,130.81
2015-05-14,9.44,26.24,65.01,3.33,504.09,386.57,370.55,40.15,128.99
2015-05-15,11.26,27.59,71.55,2.48,504.73,417.47,375.79,41.22,130.61
2015-05-16,18.29,32.64,74.26,3.68,506.19,452.57,352.59,43.65,126.32
2015-05-17,10.62,27.91,76.2,3.2,507.4,436.12,343.47,45.67,132.19
2015-05-18,15.62,33.2,67.26,5.2,508.94,452.17,344.52,48.23,140.55
2015-05-19,12.11,31.36,70.82,4.05,509.77,455.3,377.91,49.62,143.59
2015-05-20,11.22,29.65,67.26,2.84,511.57,465.48,345.66,52.62,151.46
2015-05-21,10.21,29.39,69.85,3.84,513.38,446.07,327.01,55.63,154.98
2015-05-22,11.76,28.31,65.04,3.08,515.35,473.67,334.31,58.92,174.63
2015-05-23,11.88,28.94,66.58,4.05,516.64,465.03,372.75,61.07,167.35
2015-05-24,10.65,28.1,74.29,2.86,518.13,439.91,328.47,63.55,175.97
2015-05-25,11.13,29.1,65.29,4.14,520.59,547.81,364.11,67.65,182.55
2015-05-26,13.34,27.21,75.39,2.58,521.97,468.13,362.28,69.95,183.27
2015-05-27,18.0,27.19,72.34,2.53,524.65,507.05,332.51,74.42,196.37
2015-05-28,12.87,31.32,64.31,3.19,526.81,520.0,371.81,78.02,218.19
2015-05-29,11.37,27.0,62.8,2.79,529.1,512.82,360.65,81.83,232.85
2015-05-30,12.03,30.8,78.19,3.69,532.32,532.04,331.91,87.2,226.22
2015-05-31,15.81,26.68,67.71,2.94,534.69,524.52,372.84,91.15,245.25
2015-06-01,12.41,30.51,72.82,4.0,537.41,561.04,382.33,95.68,257.64
2015-06-02,16.98,29.3,76.94,3.89,540.0,555.79,377.29,100.0,267.52
2015-06-03,16.56,31.63,69.65,4.08,540.0,589.58,388.72,100.0,250.16
2015-06-04,14.97,29.19,73.04,3.39,540.0,620.12,388.31,100.0,268.94
2015-06-05,14.3,26.71,77.9,3.15,540.0,581.04,391.82,100.0,281.41
2015-06-06,15.34,29.48,76.99,3.43,540.0,619.26,363.94,100.0,249.68
2015-06-07,17.0,30.03,74.72,3.05,540.0,645.58,358.76,100.0,262.28
2015-06-08,14.69,29.62,76.96,3.09,540.0,608.36,357.75,100.0,262.84
2015-06-09,21.53,30.71,78.26,2.51,540.0,646.53,370.32,100.0,273.92
2015-06-10,17.97,29.03,74.11,2.82,540.0,630.83,424.48,100.0,287.11
2015-06-11,18.62,28.0,83.6,1.9,540.0,685.01,375.92,100.0,273.65
2015-06-12,19.51,28.42,80.1,3.13,540.0,653.99,376.7,100.0,265.73
2015-06-13,22.37,29.16,73.07,3.95,540.0,703.76,389.7,100.0,262.81
2015-06-14,18.95,29.17,81.39,2.63,540.0,714.34,388.6,100.0,271.06
2015-06-15,20.72,33.58,76.46,3.9,540.0,671.8,425.41,100.0,285.59
2015-06-16,17.99,31.86,77.42,4.36,540.0,691.0,357.21,100.0,272.8
2015-06-17,25.96,31.02,82.28,3.31,540.0,707.7,437.65,100.0,280.52
2015-06-18,20.13,30.66,77.08,3.73,540.0,756.16,403.8,100.0,294.27
2015-06-19,18.99,30.45,87.29,3.62,540.0,707.18,412.47,100.0,283.64
2015-06-20,19.67,30.46,74.6,3.27,540.0,750.33,399.78,100.0,273.03
2015-06-21,18.67,30.24,80.68,3.05,540.0,768.68,418.08,100.0,278.54
2015-06-22,20.32,30.06,82.91,3.02,540.0,752.93,380.16,100.0,270.94
2015-06-23,19.19,26.85,82.27,1.72,540.0,786.19,376.55,100.0,270.43
2015-06-24,23.95,29.43,82.68,3.37,540.0,721.21,445.36,100.0,293.09
2015-06-25,23.17,29.61,81.77,3.5,540.0,797.11,442.73,100.0,296.61
2015-06-26,20.91,28.84,79.59,3.11,540.0,787.85,381.56,100.0,267.88
2015-06-27,22.65,29.11,80.33,3.8,540.0,765.29,413.13,100.0,283.39
2015-06-28,23.04,30.38,88.21,3.07,540.0,788.75,425.01,100.0,284.12
2015-06-29,21.64,31.06,81.23,3.89,540.0,857.79,424.93,100.0,297.96
2015-06-30,23.2,30.34,92.55,3.3,540.0,840.98,404.54,100.0,267.23
2015-07-01,23.99,30.98,87.0,2.99,540.0,856.48,451.01,100.0,300.0
2015-07-02,23.72,30.98,73.72,4.36,540.0,868.32,425.52,100.0,280.44
2015-07-03,23.31,29.36,88.41,3.0,540.0,816.91,384.95,100.0,266.0
2015-07-04,23.19,30.56,84.42,3.84,540.0,865.35,402.48,100.0,277.15
2015-07-05,24.46,27.12,80.77,1.96,540.0,894.42,392.6,100.0,277.57
2015-07-06,24.24,29.13,91.0,2.86,540.0,862.86,406.53,100.0,277.98
2015-07-07,26.99,28.92,85.35,2.69,540.0,917.61,413.5,100.0,286.95
2015-07-08,30.27,31.93,85.56,3.24,540.0,884.58,425.82,100.0,283.57
2015-07-09,28.6,30.09,89.16,3.8,540.0,916.69,429.72,100.0,283.47
2015-07-10,26.33,27.54,92.22,2.47,540.0,931.32,424.22,100.0,279.73
2015-07-11,25.27,30.39,86.94,2.5,540.0,946.51,425.3,100.0,295.38
2015-07-12,29.13,30.81,88.19,3.06,540.0,928.29,435.53,100.0,292.53
2015-07-13,28.46,29.26,85.55,3.47,540.0,962.08,414.53,100.0,275.0
2015-07-14,31.14,30.38,93.68,2.61,540.0,955.51,369.5,100.0,265.47
2015-07-15,27.61,25.54,89.8,1.46,540.0,909.62,451.98,100.0,285.85
2015-07-16,33.43,25.18,90.94,1.74,540.0,1013.07,406.34,100.0,299.55
2015-07-17,27.91,27.4,87.65,2.71,540.0,944.52,427.44,100.0,288.52
2015-07-18,26.45,29.33,92.07,2.46,540.0,1016.25,416.73,100.0,269.87
2015-07-19,26.83,31.34,86.54,3.68,540.0,960.21,442.34,100.0,282.5
2015-07-20,29.16,27.28,93.92,2.27,540.0,960.56,394.42,100.0,267.89
2015-07-21,26.91,27.62,86.97,2.62,540.0,970.97,400.21,100.0,280.55
2015-07-22,34.11,28.97,94.27,1.46,540.0,955.46,401.35,100.0,266.98
2015-07-23,29.19,28.02,90.57,2.55,540.0,931.9,418.05,100.0,274.67
2015-07-24,28.26,27.86,85.66,2.52,540.0,980.09,417.83,100.0,282.4
2015-07-25,28.5,27.98,89.2,2.76,540.0,992.36,425.68,100.0,286.09
2015-07-26,27.76,30.5,79.76,3.16,540.0,1023.74,420.78,100.0,281.22
2015-07-27,26.24,30.13,85.07,3.04,540.0,943.59,424.01,100.0,283.23
2015-07-28,27.43,28.4,82.74,3.13,540.0,985.47,429.77,100.0,277.94
2015-07-29,33.65,30.77,98.0,3.73,540.0,977.13,438.96,100.0,294.06
2015-07-30,28.85,28.96,83.18,2.33,540.0,980.98,415.25,100.0,269.32
2015-07-31,31.38,29.84,98.0,3.03,540.0,1009.84,418.59,100.0,283.25
2015-08-01,31.47,26.73,93.19,2.75,540.0,980.44,441.84,100.0,300.0
2015-08-02,28.15,26.95,87.64,2.71,540.0,997.62,432.12,100.0,286.18
2015-08-03,29.89,26.84,93.64,2.73,540.0,1013.45,420.01,100.0,275.06
2015-08-04,26.09,27.61,86.05,2.3,540.0,1006.04,379.71,100.0,271.1
2015-08-05,32.9,27.73,85.63,3.23,540.0,950.48,364.66,100.0,264.93
2015-08-06,32.37,28.03,91.23,2.16,540.0,965.09,411.84,100.0,283.52
2015-08-07,29.08,30.41,91.63,3.13,540.0,976.04,413.36,100.0,283.9
2015-08-08,28.33,28.43,94.17,2.28,540.0,994.97,387.71,100.0,281.22
2015-08-09,27.54,26.47,91.25,1.9,540.0,967.88,404.22,100.0,276.27
2015-08-10,31.02,27.13,88.26,1.52,540.0,970.2,378.26,100.0,265.6
2015-08-11,29.41,29.29,94.54,1.75,540.0,991.39,410.18,100.0,276.03
2015-08-12,26.45,28.1,92.73,3.08,540.0,943.95,402.6,100.0,274.67
2015-08-13,25.3,29.05,88.31,1.96,540.0,980.66,407.0,100.0,282.68
2015-08-14,24.97,25.98,92.76,2.09,540.0,895.61,388.13,100.0,264.93
2015-08-15,30.12,25.52,98.0,1.04,540.0,920.3,378.24,100.0,264.83
2015-08-16,26.31,25.43,86.22,1.6,540.0,886.63,373.84,100.0,270.38
2015-08-17,27.39,25.76,85.01,2.48,540.0,920.56,405.34,100.0,288.58
2015-08-18,26.15,24.65,86.02,1.91,540.0,932.95,391.31,100.0,269.45
2015-08-19,23.94,26.57,81.32,2.39,540.0,903.48,387.34,100.0,276.81
2015-08-20,23.51,26.48,88.8,2.78,540.0,879.87,374.76,100.0,268.87
2015-08-21,24.46,27.9,79.8,2.69,540.0,849.38,380.46,100.0,275.68
2015-08-22,24.34,23.13,92.53,1.87,540.0,914.96,395.43,100.0,277.38
2015-08-23,24.08,24.23,84.2,1.25,540.0,863.32,354.92,100.0,264.15
2015-08-24,23.86,26.73,91.32,1.6,540.0,846.55,375.8,100.0,288.53
2015-08-25,32.19,25.68,79.14,2.23,540.0,904.75,367.12,100.0,288.38
2015-08-26,26.94,25.34,85.65,2.02,540.0,854.66,369.38,100.0,266.76
2015-08-27,24.2,27.04,80.24,2.17,540.0,834.14,375.7,100.0,264.21
2015-08-28,23.2,23.51,91.3,1.25,540.0,831.27,328.5,100.0,257.17
2015-08-29,22.97,23.8,92.24,2.12,540.0,819.59,333.07,100.0,261.17
2015-08-30,24.72,23.5,76.75,1.63,540.0,795.72,336.95,100.0,267.43
2015-08-31,22.27,21.62,88.98,0.2,540.0,790.77,333.75,100.0,241.44
2015-09-01,24.72,24.7,89.64,0.86,540.0,862.41,354.83,100.0,261.05
2015-09-02,22.64,23.59,85.97,2.61,540.0,765.41,376.34,100.0,267.28
2015-09-03,29.53,23.14,89.7,2.07,540.0,760.29,364.26,100.0,261.31
2015-09-04,20.87,22.74,85.86,1.14,540.0,791.25,332.69,100.0,246.34
2015-09-05,24.14,23.95,88.01,2.0,540.0,778.19,358.69,100.0,263.59
2015-09-06,18.9,22.64,78.24,1.69,540.0,780.03,339.7,100.0,264.0
2015-09-07,19.07,24.04,86.84,2.29,540.0,736.67,339.91,100.0,250.42
2015-09-08,26.9,24.26,85.71,1.21,540.0,717.26,309.48,100.0,249.98
2015-09-09,21.94,23.0,83.64,0.97,540.0,775.16,310.35,100.0,252.58
2015-09-10,20.41,22.76,84.54,2.06,540.0,679.67,336.07,100.0,269.41
2015-09-11,18.71,23.44,76.07,1.08,540.0,721.27,327.31,100.0,259.54
2015-09-12,21.79,22.99,76.08,1.75,540.0,726.45,336.87,100.0,257.56
2015-09-13,21.78,24.89,80.99,2.02,540.0,714.13,355.44,100.0,266.3
2015-09-14,23.43,23.23,88.57,1.79,540.0,680.98,312.81,100.0,255.77
2015-09-15,15.78,24.26,74.05,2.16,540.0,642.56,306.23,100.0,249.17
2015-09-16,17.02,23.4,80.0,1.63,540.0,701.18,354.0,100.0,269.17
2015-09-17,17.6,20.37,77.33,0.83,540.0,638.51,308.57,100.0,246.75
2015-09-18,22.0,21.37,78.01,0.75,540.0,680.95,297.55,100.0,253.94
2015-09-19,17.28,22.0,81.09,1.23,540.0,634.79,320.43,100.0,249.31
2015-09-20,19.46,23.23,82.38,2.17,540.0,612.16,296.59,100.0,240.43
2015-09-21,13.73,24.69,73.21,2.08,540.0,621.66,285.35,100.0,238.34
2015-09-22,14.59,20.93,83.13,1.69,540.0,628.67,303.69,100.0,240.71
2015-09-23,19.27,21.6,80.69,1.59,540.0,590.54,311.76,100.0,255.38
2015-09-24,14.19,22.58,75.46,1.87,540.0,558.13,266.23,100.0,224.47
2015-09-25,14.26,21.16,78.01,1.12,540.0,516.65,258.61,100.0,230.0
2015-09-26,19.34,23.57,85.83,1.25,540.0,552.89,285.16,100.0,243.83
2015-09-27,12.22,18.95,78.98,1.46,540.0,573.15,266.88,100.0,235.77
2015-09-28,12.18,21.85,72.03,1.95,540.0,509.7,252.92,100.0,230.91
2015-09-29,11.16,21.7,74.14,1.38,540.0,540.58,282.29,100.0,239.64
2015-09-30,18.36,22.29,77.19,2.36,540.0,524.34,300.96,100.0,247.78
2015-10-01,15.36,20.52,78.4,1.34,540.0,529.53,294.49,100.0,237.53
2015-10-02,14.97,21.63,75.96,0.67,540.0,450.54,263.86,100.0,231.36
2015-10-03,11.23,19.78,81.39,0.54,540.0,465.83,293.07,100.0,242.3
2015-10-04,9.69,18.82,72.33,1.15,540.0,481.36,303.59,100.0,250.67
2015-10-05,9.26,18.47,66.0,1.64,540.0,519.07,283.52,100.0,247.63
2015-10-06,15.5,17.6,76.28,1.54,540.0,447.94,254.86,100.0,230.9
2015-10-07,12.23,18.96,71.7,0.85,540.0,453.52,293.44,100.0,249.36
2015-10-08,12.59,19.96,67.04,1.54,540.0,507.02,299.77,100.0,246.88
2015-10-09,10.95,19.05,69.62,0.62,540.0,460.48,266.67,100.0,235.13
2015-10-10,8.76,19.53,69.74,0.6,540.0,465.08,285.96,100.0,247.31
2015-10-11,9.25,20.96,75.26,0.39,540.0,412.27,237.17,100.0,216.02
2015-10-12,8.02,18.2,64.86,1.05,540.0,445.93,215.72,100.0,222.36
2015-10-13,7.67,22.36,70.57,2.36,540.0,436.85,235.52,100.0,220.82
2015-10-14,11.72,19.86,80.18,1.2,540.0,412.44,254.66,100.0,239.04
2015-10-15,6.89,18.3,68.91,0.8,540.0,389.98,244.94,100.0,224.04
2015-10-16,7.14,18.15,68.7,1.34,540.0,398.08,266.15,100.0,233.28
2015-10-17,8.03,16.84,72.92,1.75,540.0,338.94,207.61,100.0,205.7
2015-10-18,8.52,18.19,71.69,0.23,540.0,403.74,217.03,100.0,222.25
2015-10-19,6.23,14.87,75.13,0.2,540.0,342.22,251.68,100.0,227.88
2015-10-20,8.98,19.87,68.17,1.34,540.0,355.65,209.06,100.0,213.36
2015-10-21,8.23,13.65,72.99,0.2,540.0,393.24,237.34,100.0,226.4
2015-10-22,11.89,17.82,73.05,0.2,540.0,389.98,242.11,100.0,216.05
2015-10-23,7.63,15.92,67.48,0.62,540.0,316.77,216.99,100.0,214.82
2015-10-24,8.57,16.47,68.37,0.2,540.0,333.66,243.48,100.0,226.87
2015-10-25,5.82,16.55,67.45,0.53,540.0,364.7,194.73,100.0,222.78
2015-10-26,5.71,20.19,61.2,1.0,540.0,297.7,261.97,100.0,235.4
2015-10-27,4.93,15.53,65.47,0.2,540.0,362.17,227.83,100.0,225.92
2015-10-28,5.37,18.45,72.11,0.2,540.0,322.77,224.55,100.0,222.53
2015-10-29,5.84,18.71,70.19,1.16,540.0,347.63,285.02,100.0,265.38
2015-10-30,10.15,13.36,66.85,0.2,540.0,297.58,195.91,100.0,219.19
2015-10-31,4.78,15.84,66.02,0.36,540.0,295.37,201.36,100.0,200.42
2015-11-01,14.4,18.88,72.72,0.8,540.0,349.95,258.04,100.0,234.41
2015-11-02,7.56,14.58,68.97,0.2,540.0,317.47,193.47,100.0,219.75
2015-11-03,6.8,18.25,68.81,0.79,540.0,292.76,230.33,100.0,213.8
2015-11-04,5.76,16.33,67.73,0.42,540.0,328.26,213.17,100.0,219.18
2015-11-05,5.25,16.17,66.12,0.84,540.0,272.73,184.21,100.0,205.38
2015-11-06,4.44,16.27,64.07,1.14,540.0,330.31,235.29,100.0,219.56
2015-11-07,3.46,16.58,59.29,0.2,540.0,290.05,229.43,100.0,233.02
2015-11-08,3.91,14.55,67.46,0.2,540.0,256.41,212.91,100.0,213.72
2015-11-09,10.79,15.5,66.11,0.2,540.0,313.25,262.42,100.0,229.68
2015-11-10,6.52,16.36,58.27,1.02,540.0,313.73,205.32,100.0,209.61
2015-11-11,10.56,15.98,64.25,0.87,540.0,292.63,234.58,100.0,217.7
2015-11-12,3.85,16.15,66.95,0.2,540.0,348.21,231.82,100.0,220.61
2015-11-13,3.24,14.47,55.99,0.2,540.0,344.8,243.89,100.0,224.14
2015-11-14,4.81,16.42,59.43,0.2,540.0,285.33,205.17,100.0,207.56
2015-11-15,3.36,15.58,63.62,0.2,540.0,297.21,189.07,100.0,210.51
2015-11-16,5.14,12.94,70.05,0.2,540.0,293.08,202.25,100.0,197.23
2015-11-17,2.52,14.44,66.79,0.2,540.0,228.39,204.68,100.0,216.43
2015-11-18,2.26,13.82,68.74,0.2,540.0,260.96,224.24,100.0,228.83
2015-11-19,5.31,13.73,64.68,0.2,540.0,236.2,207.06,100.0,212.77
2015-11-20,10.14,14.31,64.64,0.2,540.0,242.24,211.74,100.0,220.46
2015-11-21,5.32,15.88,66.32,0.2,540.0,264.92,245.19,100.0,226.96
2015-11-22,5.66,13.96,59.94,0.2,540.0,270.66,210.91,100.0,234.18
2015-11-23,4.35,15.17,58.61,0.24,540.0,227.67,194.17,100.0,219.16
2015-11-24,4.52,14.86,57.94,0.2,540.0,274.25,220.5,100.0,214.73
2015-11-25,2.18,13.55,66.26,0.2,540.0,245.64,172.99,100.0,214.58
2015-11-26,2.79,14.14,58.52,0.68,540.0,281.86,178.3,100.0,224.13
2015-11-27,7.82,15.9,67.23,0.2,540.0,278.53,209.43,100.0,215.73
2015-11-28,3.35,14.78,62.26,0.3,540.0,225.6,185.47,100.0,212.96
2015-11-29,7.65,15.33,67.53,0.54,540.0,284.01,200.7,100.0,221.53
2015-11-30,4.21,16.37,56.91,0.42,540.0,267.06,229.01,100.0,215.69
2015-12-01,4.3,15.07,59.15,0.87,540.0,249.88,218.28,100.0,207.25
2015-12-02,3.22,11.49,64.01,0.2,540.0,234.48,203.94,100.0,216.6
2015-12-03,5.69,14.74,60.39,0.2,540.0,221.67,205.26,100.0,210.15
2015-12-04,6.51,13.37,52.79,0.2,540.0,217.46,194.55,100.0,210.94
2015-12-05,2.42,16.97,54.47,1.25,539.52,198.78,217.31,99.2,225.42
2015-12-06,1.86,14.82,55.84,0.63,539.64,240.52,222.54,99.4,224.26
2015-12-07,1.55,13.3,56.38,0.67,539.5,185.29,218.34,99.17,222.42
2015-12-08,4.95,15.01,64.03,0.42,539.34,213.45,221.78,98.9,218.2
2015-12-09,4.59,14.27,62.65,0.2,540.0,247.99,209.3,100.0,212.69
2015-12-10,14.22,11.54,66.54,0.2,540.0,287.33,200.33,100.0,209.36
2015-12-11,3.79,15.39,68.52,0.2,540.0,223.96,201.63,100.0,226.94
2015-12-12,3.39,13.46,65.53,0.2,540.0,270.46,214.49,100.0,234.66
2015-12-13,4.2,16.18,63.48,0.2,540.0,245.9,195.22,100.0,220.23
2015-12-14,4.33,13.85,54.97,0.2,540.0,239.97,240.65,100.0,225.3
2015-12-15,3.19,16.19,59.97,0.2,539.92,238.77,240.83,99.87,219.27
2015-12-16,2.25,14.65,60.94,0.2,539.97,215.76,202.55,99.95,233.99
2015-12-17,3.58,15.47,58.31,0.2,539.9,230.03,228.01,99.83,226.06
2015-12-18,3.49,13.27,67.36,0.2,540.0,232.5,219.27,100.0,223.43
2015-12-19,3.44,14.53,60.28,0.53,540.0,258.06,202.3,100.0,210.77
2015-12-20,5.73,11.41,56.96,0.2,540.0,267.31,222.2,100.0,226.16
2015-12-21,3.49,13.81,56.21,0.2,540.0,219.66,191.69,100.0,210.09
2015-12-22,1.62,11.78,69.14,0.2,540.0,224.53,190.69,100.0,203.84
2015-12-23,2.37,12.3,58.42,0.2,540.0,249.39,221.95,100.0,218.89
2015-12-24,3.06,12.69,51.9,0.2,540.0,223.97,218.78,100.0,223.07
2015-12-25,3.56,15.02,57.27,0.86,539.88,242.71,266.13,99.8,245.77
2015-12-26,4.77,13.83,53.15,0.93,540.0,249.29,210.57,100.0,206.59
2015-12-27,3.57,14.11,63.52,0.2,540.0,255.18,204.44,100.0,206.97
2015-12-28,1.22,13.82,51.13,0.2,539.91,229.91,230.16,99.85,220.62
2015-12-29,1.65,15.72,52.9,0.2,539.82,196.24,206.64,99.7,209.23
2015-12-30,4.96,14.13,60.29,0.2,540.0,223.25,198.75,100.0,213.83
2015-12-31,2.97,14.52,63.76,0.2,540.0,211.77,198.78,100.0,210.38
2016-01-01,3.67,13.32,58.85,0.2,540.0,242.59,212.07,100.0,218.96
2016-01-02,2.68,15.93,52.92,0.98,540.0,263.64,240.46,100.0,228.38
2016-01-03,2.24,16.08,58.47,0.79,540.0,265.29,228.82,100.0,213.99
2016-01-04,2.74,14.22,56.63,0.2,540.0,245.03,201.06,100.0,213.09
2016-01-05,3.7,13.43,63.65,0.2,539.46,200.7,248.37,99.1,222.36
2016-01-06,3.34,11.93,62.85,0.2,540.0,258.62,202.82,100.0,223.09
2016-01-07,6.05,13.09,58.03,0.65,540.0,239.6,204.0,100.0,210.74
2016-01-08,1.37,11.18,62.0,0.2,539.28,206.92,237.82,98.8,220.54
2016-01-09,1.45,13.12,59.42,0.2,539.23,247.03,251.1,98.72,221.7
2016-01-10,2.88,15.06,63.8,0.2,539.06,218.65,224.63,98.43,218.9
2016-01-11,4.71,14.5,62.18,0.2,538.82,177.63,186.27,98.03,205.17
2016-01-12,5.39,18.12,60.62,1.33,538.32,200.81,218.19,97.2,225.09
2016-01-13,2.3,14.13,63.71,0.52,539.02,225.17,193.28,98.37,208.84
2016-01-14,1.02,14.07,57.97,0.2,538.18,223.5,270.78,96.97,240.13
2016-01-15,2.34,16.4,54.65,0.54,537.58,198.64,223.83,95.97,224.88
2016-01-16,4.29,11.97,60.66,0.2,537.81,243.37,241.57,96.35,217.89
2016-01-17,3.3,12.7,57.83,0.2,538.06,234.25,217.52,96.77,212.45
2016-01-18,4.82,15.99,61.3,0.47,537.05,189.4,255.08,95.08,218.0
2016-01-19,6.99,14.77,60.37,0.54,538.2,300.69,226.4,97.0,208.31
2016-01-20,3.01,14.87,60.12,0.2,538.25,205.57,205.79,97.08,227.12
2016-01-21,2.5,13.8,53.82,0.2,538.11,221.63,232.28,96.85,214.47
2016-01-22,1.9,15.63,59.89,0.2,537.82,240.23,247.39,96.37,215.89
2016-01-23,1.45,14.14,52.99,0.89,536.8,214.09,269.26,94.67,218.1
2016-01-24,1.3,15.54,61.51,0.2,536.52,252.72,265.61,94.2,219.08
2016-01-25,2.17,13.77,62.41,0.52,535.84,210.65,251.76,93.07,214.84
2016-01-26,6.38,15.32,61.17,0.2,535.57,198.21,213.14,92.62,213.16
2016-01-27,5.13,18.71,59.52,1.29,535.91,241.79,220.12,93.18,220.33
2016-01-28,2.44,15.12,57.4,0.34,535.14,155.54,204.63,91.9,185.99
2016-01-29,11.79,15.65,59.47,0.2,535.4,258.17,235.45,92.33,221.72
2016-01-30,2.26,15.63,58.03,0.66,536.54,277.23,203.95,94.23,216.46
2016-01-31,7.44,16.29,67.91,0.92,535.59,189.03,257.2,92.65,213.43
2016-02-01,8.6,16.82,61.22,1.51,535.84,242.17,218.28,93.07,200.48
2016-02-02,4.49,16.6,53.36,1.17,535.7,214.41,212.57,92.83,208.35
2016-02-03,2.17,16.73,50.95,0.3,535.84,240.53,232.26,93.07,206.61
2016-02-04,2.64,16.13,52.42,0.2,536.9,296.92,222.92,94.83,222.14
2016-02-05,3.77,16.65,56.98,1.27,536.77,240.72,255.16,94.62,224.54
2016-02-06,1.48,16.28,62.76,0.2,536.62,218.15,220.52,94.37,204.74
2016-02-07,1.82,13.99,54.45,0.42,535.1,148.77,240.42,91.83,213.16
2016-02-08,1.74,20.76,62.19,1.64,534.03,191.07,256.2,90.05,212.72
2016-02-09,4.72,18.01,59.25,1.63,533.88,218.76,231.84,89.8,191.16
2016-02-10,6.97,15.55,62.13,0.53,533.82,229.57,231.07,89.7,197.27
2016-02-11,5.28,17.48,60.79,0.78,533.95,241.94,232.21,89.92,200.33
2016-02-12,6.24,15.22,62.41,1.21,534.32,259.68,230.26,90.53,208.21
2016-02-13,2.08,16.61,56.35,1.12,534.13,218.43,238.3,90.22,211.27
2016-02-14,2.73,15.24,49.35,0.86,533.99,238.94,252.13,89.98,219.35
2016-02-15,2.86,17.5,55.74,0.61,533.77,219.01,221.13,89.62,196.18
2016-02-16,4.5,15.32,55.88,0.2,533.45,206.78,235.12,89.08,193.78
2016-02-17,2.24,18.4,58.87,0.95,532.77,202.1,251.42,87.95,200.7
2016-02-18,6.01,18.95,59.88,0.44,532.71,243.78,256.23,87.85,202.87
2016-02-19,8.48,16.81,59.57,0.5,532.38,175.43,192.95,87.3,183.01
2016-02-20,4.66,18.41,65.71,1.28,531.26,196.12,263.09,85.43,204.72
2016-02-21,2.68,16.97,55.8,1.31,531.6,318.85,294.62,86.0,219.81
2016-02-22,2.01,19.18,48.56,1.42,531.28,222.78,245.01,85.47,196.98
2016-02-23,1.79,17.5,58.4,2.34,532.0,269.46,229.79,86.67,201.43
2016-02-24,1.21,19.85,61.77,2.0,531.71,219.6,242.75,86.18,207.44
2016-02-25,2.96,16.07,60.04,0.45,531.18,204.58,240.94,85.3,198.32
2016-02-26,2.86,17.41,57.06,1.46,530.39,235.46,286.48,83.98,200.43
2016-02-27,5.81,17.38,60.68,0.48,530.19,227.25,240.41,83.65,193.04
2016-02-28,2.38,19.48,65.12,1.29,529.63,221.85,255.34,82.72,204.38
2016-02-29,3.09,20.13,54.39,1.47,528.65,228.39,298.08,81.08,209.84
2016-03-01,4.1,19.85,58.55,0.85,528.03,241.32,270.71,80.05,188.48
2016-03-02,4.67,18.8,61.7,1.37,527.25,217.34,268.84,78.75,201.04
2016-03-03,5.43,15.5,61.38,0.28,526.74,222.07,264.64,77.9,187.65
2016-03-04,3.88,19.88,57.49,1.53,525.48,212.28,285.78,75.8,183.54
2016-03-05,1.64,21.14,55.56,1.85,524.66,204.43,274.16,74.43,185.06
2016-03-06,4.46,24.11,56.41,2.14,524.0,281.67,315.77,73.33,182.61
2016-03-07,2.35,19.59,60.25,2.13,522.44,209.29,308.12,70.73,190.34
2016-03-08,7.33,19.36,62.14,1.35,522.2,260.21,283.8,70.33,187.14
2016-03-09,3.56,20.97,66.69,1.36,521.67,226.11,272.69,69.45,167.65
2016-03-10,4.09,20.25,52.66,1.08,521.27,252.73,281.72,68.78,174.22
2016-03-11,14.89,22.68,69.49,2.54,521.1,256.17,268.65,68.5,177.86
2016-03-12,5.6,19.69,58.89,1.86,520.39,216.96,277.78,67.32,162.12
2016-03-13,4.5,20.67,58.68,1.66,520.28,258.29,253.48,67.13,156.93
2016-03-14,3.31,22.49,61.53,1.38,520.09,272.68,271.24,66.82,167.25
2016-03-15,1.84,21.77,61.2,2.69,518.86,230.46,295.88,64.77,168.24
2016-03-16,3.21,23.19,62.62,1.99,518.63,294.11,301.45,64.38,170.95
2016-03-17,2.25,20.93,63.86,1.23,518.06,251.46,282.74,63.43,163.74
2016-03-18,9.46,23.62,60.36,2.32,517.56,260.08,295.94,62.6,156.29
2016-03-19,4.66,19.37,65.51,1.31,516.86,265.4,319.47,61.43,156.85
2016-03-20,7.38,19.56,58.56,1.3,515.78,193.26,271.79,59.63,145.03
2016-03-21,2.66,24.06,56.7,0.87,515.96,268.91,263.11,59.93,156.58
2016-03-22,2.45,22.29,57.73,2.22,515.8,309.1,311.35,59.67,169.25
2016-03-23,5.5,23.79,57.22,2.94,515.24,265.48,303.95,58.73,158.42
2016-03-24,2.39,22.7,58.74,1.72,514.12,236.95,305.09,56.87,160.24
2016-03-25,3.04,22.68,62.45,2.83,513.37,209.39,262.76,55.62,139.96
2016-03-26,9.97,20.83,64.9,1.95,512.77,219.41,259.13,54.62,138.91
2016-03-27,3.17,22.92,56.6,2.52,511.7,218.34,295.2,52.83,151.19
2016-03-28,2.05,25.14,55.26,2.37,511.06,236.92,297.51,51.77,146.15
2016-03-29,1.9,23.32,55.21,2.56,510.07,220.31,284.89,50.12,138.31
2016-03-30,2.06,24.39,58.85,2.76,508.67,242.55,325.2,47.78,138.25
2016-03-31,8.02,24.49,54.64,2.69,507.73,249.28,297.97,46.22,123.05
2016-04-01,3.14,22.12,56.27,2.54,505.88,202.15,316.61,43.13,128.23
2016-04-02,15.22,25.06,62.07,2.47,504.96,248.14,317.33,41.6,126.57
2016-04-03,9.4,23.44,66.41,1.98,504.77,265.9,281.49,41.28,133.51
2016-04-04,11.86,23.65,62.7,1.95,504.68,282.04,288.83,41.13,118.34
2016-04-05,7.33,27.32,64.47,2.92,504.91,297.79,284.13,41.52,116.37
2016-04-06,5.93,25.2,61.41,2.63,504.76,306.21,320.5,41.27,126.14
2016-04-07,3.1,23.48,58.28,2.28,504.02,274.43,309.89,40.03,129.97
2016-04-08,4.52,24.67,58.79,2.54,503.04,261.82,333.86,38.4,122.35
2016-04-09,6.44,24.76,56.74,3.2,502.31,270.92,320.93,37.18,114.03
2016-04-10,7.4,27.36,70.77,3.72,502.41,309.14,289.59,37.35,105.55
2016-04-11,3.04,25.02,64.7,1.92,501.5,233.69,295.77,35.83,102.91
2016-04-12,4.42,28.4,62.36,4.22,501.74,302.16,273.84,36.23,111.9
2016-04-13,4.72,23.27,56.54,2.71,500.62,235.11,312.62,34.37,105.94
2016-04-14,4.72,25.29,59.5,2.34,499.31,284.08,370.65,32.18,124.95
2016-04-15,3.48,24.32,57.36,2.44,498.83,296.91,320.11,31.38,103.05
2016-04-16,11.89,24.84,65.14,2.65,497.93,253.74,315.76,29.88,102.04
2016-04-17,4.79,25.0,58.2,1.93,497.7,298.27,318.78,29.5,94.29
2016-04-18,3.83,24.76,59.09,2.62,496.75,264.09,321.81,27.92,89.31
2016-04-19,12.35,28.55,60.6,3.83,496.98,333.96,322.73,28.3,101.37
2016-04-20,10.73,28.2,62.88,3.04,496.14,278.65,330.58,26.9,102.24
2016-04-21,5.98,26.79,62.83,2.32,496.0,289.32,305.03,26.67,83.4
2016-04-22,4.91,25.59,61.8,2.89,496.07,317.64,310.74,26.78,86.14
2016-04-23,3.87,25.39,68.61,3.64,496.66,334.84,302.72,27.77,87.83
2016-04-24,7.32,27.65,66.62,2.81,496.36,314.05,325.41,27.27,98.8
2016-04-25,5.18,27.1,59.74,2.89,496.43,318.06,305.14,27.38,94.44
2016-04-26,6.23,26.54,64.95,2.84,495.44,295.28,353.47,25.73,93.2
2016-04-27,12.73,27.68,63.3,4.06,495.13,297.29,316.67,25.22,83.1
2016-04-28,5.49,28.31,61.64,2.65,496.14,366.92,296.91,26.9,101.16
2016-04-29,7.88,26.85,66.73,3.35,496.69,346.92,311.11,27.82,100.4
2016-04-30,8.95,26.01,68.36,2.47,496.49,331.65,334.76,27.48,81.69
2016-05-01,10.81,25.31,64.51,2.45,495.94,313.31,342.86,26.57,100.56
2016-05-02,6.98,27.77,60.38,2.88,496.55,379.62,347.33,27.58,95.37
2016-05-03,6.95,30.75,64.46,3.88,497.49,386.69,325.34,29.15,94.0
2016-05-04,7.08,25.93,67.56,2.22,497.95,352.18,325.64,29.92,105.3
2016-05-05,8.6,29.34,63.07,3.42,498.22,344.48,322.59,30.37,103.0
2016-05-06,12.83,26.78,71.57,1.57,498.41,361.8,350.71,30.68,105.47
2016-05-07,7.55,27.17,68.85,2.11,498.71,368.1,343.06,31.18,98.7
2016-05-08,5.98,29.35,62.63,3.88,499.35,395.35,336.27,32.25,113.6
2016-05-09,10.96,27.68,72.48,3.63,499.91,358.28,326.84,33.18,98.66
2016-05-10,8.84,28.53,71.73,4.85,500.56,377.06,332.75,34.27,115.94
2016-05-11,10.2,28.59,76.11,3.58,501.08,387.51,345.29,35.13,114.84
2016-05-12,7.11,27.32,74.07,2.6,501.49,402.63,374.53,35.82,119.67
2016-05-13,8.37,29.75,63.62,2.79,502.48,426.55,355.35,37.47,117.11
2016-05-14,11.74,28.4,72.92,3.43,503.75,418.93,344.03,39.58,125.23
2016-05-15,8.0,26.49,72.06,1.98,505.47,458.76,348.73,42.45,121.68
2016-05-16,11.2,27.31,68.42,2.62,505.54,397.03,382.06,42.57,145.59
2016-05-17,10.21,24.05,72.46,2.53,506.76,468.69,375.5,44.6,137.84
2016-05-18,9.28,28.88,61.55,3.77,507.43,415.26,370.79,45.72,137.65
2016-05-19,9.44,30.83,61.16,3.66,508.36,431.15,368.76,47.27,144.36
2016-05-20,9.47,27.37,63.22,2.34,509.92,458.8,357.15,49.87,147.06
2016-05-21,11.45,29.89,71.92,3.67,511.36,484.8,386.18,52.27,169.35
2016-05-22,11.99,29.72,72.63,3.67,513.14,454.32,328.45,55.23,144.21
2016-05-23,11.15,28.01,70.21,3.9,514.52,483.02,393.26,57.53,174.07
2016-05-24,10.51,31.5,77.14,2.56,516.03,473.2,375.74,60.05,188.02
2016-05-25,13.5,28.85,76.45,3.23,517.23,436.42,365.2,62.05,179.83
2016-05-26,15.26,32.33,66.02,4.81,519.6,505.32,350.76,66.0,186.55
2016-05-27,14.62,26.91,73.35,2.57,521.04,485.92,381.67,68.4,197.71
2016-05-28,21.17,29.02,72.51,2.53,523.64,571.34,398.82,72.73,207.8
2016-05-29,13.24,29.25,74.94,2.85,526.87,582.54,363.54,78.12,219.92
2016-05-30,18.33,29.46,75.39,3.37,529.52,544.15,358.4,82.53,223.61
2016-05-31,13.09,30.64,69.78,3.57,532.17,543.66,351.13,86.95,234.01
2016-06-01,13.21,34.71,79.17,4.7,534.99,557.32,384.79,91.65,257.59
2016-06-02,15.13,30.33,74.96,4.22,538.01,583.67,375.78,96.68,265.97
2016-06-03,20.74,29.73,75.74,3.21,540.0,602.81,423.01,100.0,286.5
2016-06-04,14.93,28.08,74.81,3.64,540.0,676.28,360.82,100.0,272.14
2016-06-05,13.82,26.93,82.45,2.45,540.0,591.69,361.31,100.0,273.09
2016-06-06,18.63,31.55,80.4,3.89,540.0,617.58,382.73,100.0,278.38
2016-06-07,16.32,29.0,76.2,3.16,540.0,672.76,403.94,100.0,287.08
2016-06-08,17.53,33.76,72.18,4.71,540.0,633.8,397.05,100.0,286.97
2016-06-09,15.88,31.18,73.16,4.12,540.0,608.3,382.35,100.0,264.32
2016-06-10,17.74,30.41,75.8,3.9,540.0,657.69,394.94,100.0,296.11
2016-06-11,15.89,30.51,79.23,3.5,540.0,669.77,391.87,100.0,276.92
2016-06-12,25.0,30.54,84.1,1.7,540.0,664.9,409.54,100.0,279.79
2016-06-13,21.69,28.91,77.57,3.45,540.0,707.39,383.57,100.0,274.33
2016-06-14,18.98,27.34,83.3,1.6,540.0,717.54,387.11,100.0,263.96
2016-06-15,21.54,29.15,77.17,2.92,540.0,701.91,407.14,100.0,282.36
2016-06-16,18.37,29.96,77.08,2.23,540.0,763.52,433.76,100.0,283.72
2016-06-17,22.85,29.02,76.03,4.07,540.0,709.06,381.15,100.0,272.89
2016-06-18,19.52,28.07,75.09,3.22,540.0,743.45,403.5,100.0,280.57
2016-06-19,19.74,28.88,77.39,2.99,540.0,725.98,388.15,100.0,270.48
2016-06-20,19.32,31.55,80.22,4.44,540.0,702.41,402.93,100.0,266.75
2016-06-21,22.2,31.12,77.84,3.96,540.0,767.02,368.33,100.0,270.18
2016-06-22,21.54,30.25,88.02,3.23,540.0,811.33,400.5,100.0,278.58
2016-06-23,26.38,30.86,80.25,3.76,540.0,779.79,390.8,100.0,276.82
2016-06-24,20.5,28.28,83.34,2.63,540.0,752.0,390.85,100.0,272.54
2016-06-25,23.49,28.77,89.14,2.15,540.0,808.45,354.95,100.0,259.37
2016-06-26,26.37,30.41,85.08,3.78,540.0,795.91,443.89,100.0,291.02
2016-06-27,23.5,28.42,82.89,2.83,540.0,852.55,361.54,100.0,267.06
2016-06-28,22.67,30.07,84.3,2.36,540.0,821.14,415.76,100.0,288.21
2016-06-29,24.03,27.99,82.81,3.02,540.0,794.65,375.88,100.0,265.01
2016-06-30,28.09,27.39,83.04,2.63,540.0,865.37,386.96,100.0,279.78
2016-07-01,28.37,30.94,88.71,4.17,540.0,867.28,414.37,100.0,287.62
2016-07-02,24.24,31.35,82.32,3.75,540.0,861.79,424.07,100.0,289.8
2016-07-03,28.83,28.83,91.15,2.13,540.0,859.07,387.77,100.0,287.32
2016-07-04,24.97,27.46,89.61,1.53,540.0,937.01,398.23,100.0,265.55
2016-07-05,27.6,26.4,88.61,2.82,540.0,885.77,386.22,100.0,287.66
2016-07-06,26.91,32.43,89.89,3.63,540.0,922.55,421.33,100.0,280.7
2016-07-07,25.01,29.8,84.0,2.75,540.0,894.99,391.34,100.0,277.34
2016-07-08,24.5,28.67,89.58,2.37,540.0,921.68,441.42,100.0,292.04
2016-07-09,29.94,29.0,91.77,3.4,540.0,918.77,391.49,100.0,266.33
2016-07-10,31.48,26.63,88.9,2.48,540.0,928.96,426.27,100.0,290.57
2016-07-11,27.6,30.38,85.82,3.82,540.0,913.11,443.28,100.0,298.37
2016-07-12,26.75,32.39,88.03,3.83,540.0,953.95,419.2,100.0,287.55
2016-07-13,25.25,28.17,95.35,2.01,540.0,981.04,385.38,100.0,263.4
2016-07-14,30.77,32.86,87.45,4.73,540.0,925.12,420.09,100.0,276.2
2016-07-15,27.98,29.05,86.69,2.72,540.0,928.07,406.88,100.0,275.76
2016-07-16,26.94,31.67,92.09,3.81,540.0,1024.71,424.73,100.0,295.28
2016-07-17,30.03,29.57,89.6,3.5,540.0,934.32,442.97,100.0,292.9
2016-07-18,25.86,29.5,91.21,2.89,540.0,949.25,413.76,100.0,268.84
2016-07-19,26.28,31.74,93.21,2.83,540.0,993.05,428.8,100.0,300.0
2016-07-20,26.76,30.08,80.43,3.02,540.0,994.11,404.66,100.0,290.43
2016-07-21,29.33,29.4,89.19,3.26,540.0,903.9,397.96,100.0,270.17
2016-07-22,28.52,25.85,89.21,2.3,540.0,983.07,437.1,100.0,287.48
2016-07-23,29.84,26.43,86.67,2.91,540.0,966.91,414.12,100.0,280.96
2016-07-24,31.55,29.3,82.7,3.66,540.0,977.7,417.89,100.0,287.84
2016-07-25,30.05,30.73,83.0,2.97,540.0,1016.77,437.22,100.0,291.77
2016-07-26,35.29,28.64,92.53,3.36,540.0,989.15,444.81,100.0,288.05
2016-07-27,31.63,27.48,88.87,1.94,540.0,990.44,388.42,100.0,283.89
2016-07-28,28.08,25.53,86.97,2.32,540.0,992.52,401.15,100.0,291.01
2016-07-29,27.35,27.02,89.81,3.52,540.0,984.98,438.13,100.0,290.33
2016-07-30,28.12,28.31,86.57,2.89,540.0,998.89,450.02,100.0,290.47
2016-07-31,30.17,26.74,95.78,1.17,540.0,1014.42,406.36,100.0,291.64
2016-08-01,27.41,26.48,87.08,2.09,540.0,984.33,411.61,100.0,266.8
2016-08-02,30.17,27.76,96.27,3.39,540.0,975.45,410.96,100.0,275.69
2016-08-03,29.71,29.91,89.27,2.95,540.0,991.72,410.13,100.0,288.54
2016-08-04,26.54,28.67,85.84,3.51,540.0,993.29,409.7,100.0,291.29
2016-08-05,31.16,27.98,87.55,2.14,540.0,987.81,430.29,100.0,285.92
2016-08-06,28.73,27.73,95.55,2.14,540.0,956.52,361.34,100.0,281.98
2016-08-07,34.37,28.17,94.34,2.35,540.0,988.02,388.02,100.0,257.47
2016-08-08,27.56,27.08,86.05,3.41,540.0,918.2,402.47,100.0,286.89
2016-08-09,26.86,26.52,89.37,2.05,540.0,1007.02,392.12,100.0,276.5
2016-08-10,25.7,28.14,78.42,1.99,540.0,994.95,405.0,100.0,276.63
2016-08-11,25.52,26.58,82.84,3.6,540.0,970.27,416.32,100.0,289.81
2016-08-12,29.7,25.03,87.2,2.01,540.0,967.97,425.26,100.0,283.81
2016-08-13,32.79,28.87,87.08,3.18,540.0,939.37,393.53,100.0,268.74
2016-08-14,26.39,23.79,93.89,0.58,540.0,917.52,413.5,100.0,283.57
2016-08-15,26.07,28.75,79.65,3.18,540.0,901.12,383.09,100.0,272.62
2016-08-16,26.36,27.12,82.07,2.58,540.0,954.4,381.17,100.0,266.92
2016-08-17,29.5,24.79,91.42,1.22,540.0,905.29,348.0,100.0,257.72
2016-08-18,24.27,26.16,87.9,2.49,540.0,896.06,356.4,100.0,261.54
2016-08-19,26.07,25.37,86.39,1.15,540.0,905.28,376.93,100.0,259.64
2016-08-20,28.08,27.1,96.14,1.65,540.0,896.57,375.03,100.0,258.58
2016-08-21,26.28,26.95,89.57,2.91,540.0,898.42,378.36,100.0,278.01
2016-08-22,26.55,26.34,92.13,1.71,540.0,836.15,400.14,100.0,268.51
2016-08-23,25.78,26.64,86.48,2.07,540.0,872.03,382.79,100.0,272.78
2016-08-24,28.62,25.23,85.9,2.03,540.0,896.5,386.5,100.0,261.01
2016-08-25,29.44,27.92,85.29,2.49,540.0,861.08,400.62,100.0,289.17
2016-08-26,27.79,26.98,90.58,2.62,540.0,846.4,353.7,100.0,261.68
2016-08-27,23.52,24.31,88.87,1.75,540.0,880.52,354.74,100.0,271.72
2016-08-28,21.02,26.11,83.18,1.53,540.0,831.84,381.03,100.0,287.14
2016-08-29,22.39,25.85,86.37,1.75,540.0,830.39,365.05,100.0,258.19
2016-08-30,22.53,24.25,88.68,1.23,540.0,802.66,349.26,100.0,257.37
2016-08-31,28.04,24.0,84.65,1.48,540.0,801.42,347.71,100.0,267.75
2016-09-01,20.54,26.2,81.67,2.41,540.0,827.92,348.43,100.0,257.44
2016-09-02,19.64,24.22,84.86,1.91,540.0,794.7,343.83,100.0,262.43
2016-09-03,20.35,24.5,75.91,0.91,540.0,739.46,336.48,100.0,258.75
2016-09-04,19.64,26.08,83.95,2.76,540.0,748.88,330.97,100.0,239.87
2016-09-05,18.6,27.64,76.49,2.82,540.0,725.52,343.5,100.0,266.9
2016-09-06,20.0,22.92,86.51,0.82,540.0,733.08,347.43,100.0,260.59
2016-09-07,20.02,23.24,91.02,1.81,540.0,743.66,321.77,100.0,244.95
2016-09-08,17.56,23.55,78.34,0.73,540.0,709.91,345.03,100.0,271.61
2016-09-09,18.56,23.45,75.93,1.05,540.0,700.05,299.05,100.0,241.1
2016-09-10,17.56,23.73,79.89,2.85,540.0,635.13,323.8,100.0,248.66
2016-09-11,18.75,22.29,80.22,1.49,540.0,714.61,335.71,100.0,245.18
2016-09-12,18.65,20.99,84.04,0.61,540.0,667.71,314.92,100.0,255.28
2016-09-13,16.55,25.39,79.93,2.25,540.0,669.35,316.99,100.0,252.08
2016-09-14,20.67,23.54,79.77,1.65,540.0,665.28,309.56,100.0,237.22
2016-09-15,17.2,21.85,80.2,1.32,540.0,631.7,298.05,100.0,247.42
2016-09-16,15.6,23.0,74.12,2.02,540.0,632.45,307.33,100.0,254.47
2016-09-17,14.51,24.96,80.65,1.97,540.0,605.19,291.33,100.0,246.77
2016-09-18,16.78,20.89,85.69,1.08,540.0,652.3,331.13,100.0,265.59
2016-09-19,17.11,22.25,73.9,1.52,540.0,549.2,249.85,100.0,225.99
2016-09-20,14.61,19.71,71.89,0.61,540.0,569.66,291.31,100.0,255.91
2016-09-21,15.51,21.48,76.18,0.78,540.0,578.18,256.31,100.0,232.32
2016-09-22,20.36,22.44,74.3,2.29,540.0,625.99,279.27,100.0,245.27
2016-09-23,17.06,19.71,73.33,1.3,540.0,599.72,284.12,100.0,250.17
2016-09-24,11.98,20.96,70.16,1.9,540.0,525.96,310.45,100.0,268.23
2016-09-25,12.68,22.31,74.62,1.59,540.0,554.11,310.02,100.0,241.97
2016-09-26,13.34,21.85,73.9,1.61,540.0,564.82,289.08,100.0,237.64
2016-09-27,13.48,19.1,77.67,0.61,540.0,584.79,290.99,100.0,244.76
2016-09-28,13.39,21.26,72.98,1.95,540.0,508.19,298.06,100.0,243.1
2016-09-29,13.81,21.4,70.24,1.32,540.0,483.53,295.34,100.0,239.21
2016-09-30,12.22,20.59,74.4,0.67,540.0,514.09,264.91,100.0,224.38
2016-10-01,12.18,21.93,69.56,1.91,540.0,496.82,286.39,100.0,242.83
2016-10-02,14.59,19.27,77.36,0.67,540.0,505.1,254.18,100.0,237.18
2016-10-03,12.26,20.64,67.05,1.52,540.0,502.91,264.33,100.0,237.34
2016-10-04,9.61,18.14,64.5,1.21,540.0,480.97,279.86,100.0,228.45
2016-10-05,11.29,17.36,67.37,0.28,540.0,478.85,253.67,100.0,220.2
2016-10-06,10.52,20.8,70.55,1.22,540.0,498.15,261.78,100.0,234.48
2016-10-07,8.37,19.53,70.35,0.87,540.0,434.42,225.33,100.0,220.68
2016-10-08,10.65,18.67,72.98,1.37,540.0,403.01,262.0,100.0,231.9
2016-10-09,8.45,17.64,69.36,0.59,540.0,434.24,239.22,100.0,224.86
2016-10-10,12.58,20.35,68.83,1.35,540.0,391.16,233.2,100.0,221.39
2016-10-11,10.62,16.72,78.01,0.2,540.0,390.18,275.81,100.0,239.6
2016-10-12,7.59,20.34,74.42,1.47,540.0,391.4,234.38,100.0,232.96
2016-10-13,11.72,19.4,75.39,1.05,540.0,377.49,260.34,100.0,227.05
2016-10-14,13.39,16.41,74.01,0.2,540.0,441.1,276.07,100.0,241.81
2016-10-15,8.19,18.66,71.34,1.74,540.0,401.43,265.76,100.0,235.91
2016-10-16,8.2,22.33,65.24,2.04,540.0,409.47,242.92,100.0,215.51
2016-10-17,10.51,20.01,70.43,0.83,540.0,404.82,237.97,100.0,221.82
2016-10-18,12.19,16.87,67.48,0.44,540.0,383.27,224.32,100.0,222.09
2016-10-19,5.83,19.07,63.6,0.93,540.0,396.26,208.64,100.0,232.14
2016-10-20,6.06,15.75,62.21,1.09,540.0,352.72,252.12,100.0,225.87
2016-10-21,6.75,15.7,70.38,0.53,540.0,354.33,249.81,100.0,225.94
2016-10-22,6.75,17.54,68.64,0.8,540.0,331.0,241.68,100.0,230.49
2016-10-23,9.31,18.35,67.34,1.68,540.0,375.39,181.42,100.0,207.46
2016-10-24,11.16,18.63,67.27,0.37,540.0,342.64,229.12,100.0,214.73
2016-10-25,11.37,18.54,61.59,1.43,540.0,365.29,248.06,100.0,217.5
2016-10-26,4.64,17.93,67.22,0.99,540.0,329.07,255.2,100.0,218.91
2016-10-27,5.23,14.66,65.95,0.2,540.0,359.09,239.39,100.0,232.81
2016-10-28,5.37,16.88,69.98,0.26,540.0,347.79,235.05,100.0,218.26
2016-10-29,4.94,18.32,66.19,1.31,540.0,274.84,206.12,100.0,232.77
2016-10-30,7.2,17.42,69.4,0.95,540.0,305.98,231.43,100.0,220.61
2016-10-31,7.42,16.93,66.6,0.2,540.0,310.41,219.28,100.0,225.81
2016-11-01,5.92,17.05,66.53,1.42,540.0,298.37,207.14,100.0,208.38
2016-11-02,5.6,16.92,69.26,0.97,540.0,338.22,204.09,100.0,216.86
2016-11-03,4.96,13.41,65.38,0.2,540.0,270.67,197.74,100.0,223.38
2016-11-04,5.04,17.99,66.51,0.36,540.0,284.0,224.72,100.0,219.7
2016-11-05,10.89,16.0,65.62,0.84,540.0,277.18,189.02,100.0,203.09
2016-11-06,7.2,17.13,64.88,0.83,540.0,323.96,217.51,100.0,217.23
2016-11-07,4.6,12.52,71.95,0.2,540.0,268.73,240.88,100.0,225.83
2016-11-08,4.93,18.38,66.35,1.14,540.0,246.5,182.34,100.0,201.65
2016-11-09,6.17,14.07,63.25,0.48,540.0,302.91,228.12,100.0,234.81
2016-11-10,3.23,19.53,64.13,1.64,540.0,274.48,225.47,100.0,222.52
2016-11-11,5.22,18.81,58.18,0.94,540.0,298.96,212.06,100.0,227.05
2016-11-12,6.48,13.56,64.34,0.2,540.0,294.51,229.36,100.0,231.16
2016-11-13,5.99,16.69,60.12,0.8,540.0,273.16,209.66,100.0,229.23
2016-11-14,3.34,13.86,65.39,0.9,540.0,232.0,222.89,100.0,212.75
2016-11-15,3.49,14.35,62.59,0.2,540.0,237.0,186.12,100.0,214.27
2016-11-16,2.33,14.31,63.89,0.2,539.61,216.53,241.96,99.35,222.88
2016-11-17,6.48,15.84,66.91,0.65,539.88,256.0,238.63,99.8,225.23
2016-11-18,12.36,15.58,64.27,0.2,540.0,251.83,164.46,100.0,195.24
2016-11-19,2.87,13.22,61.2,0.2,540.0,261.75,233.81,100.0,241.35
2016-11-20,7.57,15.62,63.78,0.25,540.0,275.91,200.79,100.0,209.32
2016-11-21,11.54,14.59,62.25,0.65,540.0,332.6,249.33,100.0,234.62
2016-11-22,3.32,12.1,62.99,0.2,540.0,293.5,234.87,100.0,216.41
2016-11-23,3.92,14.12,62.71,1.06,540.0,266.21,188.74,100.0,208.82
2016-11-24,4.68,17.21,62.72,0.51,540.0,227.19,216.04,100.0,226.79
2016-11-25,5.21,14.06,64.53,0.2,540.0,262.24,195.7,100.0,215.27
2016-11-26,4.74,11.85,56.8,0.2,540.0,271.84,221.86,100.0,214.64
2016-11-27,3.22,15.78,56.18,0.2,540.0,258.54,209.99,100.0,212.42
2016-11-28,5.55,13.11,58.28,0.2,540.0,224.37,189.33,100.0,211.93
2016-11-29,3.18,14.78,61.76,0.2,540.0,237.98,179.22,100.0,207.42
2016-11-30,4.77,14.16,60.98,0.22,540.0,247.78,212.04,100.0,208.89
2016-12-01,3.77,17.01,51.69,0.55,540.0,233.49,214.61,100.0,216.24
2016-12-02,1.68,14.07,68.5,0.2,540.0,225.14,200.97,100.0,213.5
2016-12-03,7.7,12.58,55.52,0.2,540.0,189.71,183.39,100.0,212.86
2016-12-04,2.68,13.55,61.21,0.2,540.0,222.79,194.26,100.0,219.46
2016-12-05,8.13,12.38,65.78,0.2,540.0,253.09,186.65,100.0,214.63
2016-12-06,6.8,13.88,59.58,0.2,540.0,273.01,226.4,100.0,225.07
2016-12-07,4.19,16.82,63.01,0.38,540.0,256.55,166.16,100.0,205.89
2016-12-08,4.97,16.01,56.89,0.7,540.0,276.29,231.5,100.0,227.67
2016-12-09,5.32,17.17,61.33,0.8,540.0,251.62,207.42,100.0,223.29
2016-12-10,3.21,14.81,51.71,0.47,540.0,223.35,215.32,100.0,230.98
2016-12-11,3.28,14.29,65.23,0.85,540.0,227.42,218.1,100.0,213.22
2016-12-12,5.11,12.56,61.72,0.2,540.0,252.84,212.09,100.0,214.96
2016-12-13,3.52,14.44,54.07,1.2,540.0,230.99,198.9,100.0,220.94
2016-12-14,2.8,13.83,62.79,0.2,539.88,217.27,227.03,99.8,215.54
2016-12-15,2.23,15.18,66.11,0.2,540.0,192.52,167.16,100.0,194.6
2016-12-16,4.51,12.33,57.58,0.2,539.64,210.8,230.54,99.4,218.36
2016-12-17,2.4,14.08,59.01,0.2,540.0,218.59,183.52,100.0,209.44
2016-12-18,5.9,11.64,59.87,0.2,540.0,217.54,199.64,100.0,210.75
2016-12-19,6.21,14.51,58.05,0.2,539.69,212.92,234.43,99.48,226.85
2016-12-20,4.77,15.02,56.85,0.2,539.93,280.06,260.83,99.88,231.52
2016-12-21,5.41,11.57,59.0,0.2,540.0,257.36,216.85,100.0,217.21
2016-12-22,4.76,12.0,58.78,0.2,540.0,300.73,193.02,100.0,200.29
2016-12-23,5.64,12.08,60.0,0.21,539.66,205.2,223.27,99.43,224.79
2016-12-24,5.48,13.77,59.09,0.2,540.0,251.81,212.83,100.0,222.62
2016-12-25,4.27,11.95,63.87,0.2,540.0,232.16,189.87,100.0,209.65
2016-12-26,6.58,16.13,63.13,0.43,540.0,245.23,217.91,100.0,221.01
2016-12-27,3.08,14.73,53.29,0.54,540.0,288.18,194.25,100.0,213.4
2016-12-28,2.14,15.0,56.55,0.2,539.71,192.69,210.51,99.52,224.04
2016-12-29,2.08,11.74,64.84,0.2,540.0,216.3,192.25,100.0,213.29
2016-12-30,2.8,16.09,59.96,0.29,540.0,209.44,170.79,100.0,195.49
2016-12-31,1.23,15.15,59.74,0.71,540.0,205.23,176.82,100.0,220.13
2017-01-01,3.83,13.15,60.2,0.2,539.58,166.57,192.1,99.3,219.42
2017-01-02,5.07,11.89,59.08,0.2,539.83,256.16,228.28,99.72,223.09
2017-01-03,6.0,14.13,59.66,0.2,540.0,263.43,244.99,100.0,229.74
2017-01-04,1.3,13.57,56.5,0.2,539.47,242.45,245.89,99.12,229.22
2017-01-05,2.04,13.67,61.81,0.2,539.51,195.74,180.69,99.18,201.15
2017-01-06,5.62,13.29,58.36,0.2,539.9,239.01,213.54,99.83,226.05
2017-01-07,2.94,15.47,57.76,1.3,540.0,250.31,208.14,100.0,223.9
2017-01-08,4.99,10.53,63.46,0.2,540.0,236.76,216.83,100.0,219.01
2017-01-09,1.55,16.63,56.01,0.51,539.59,226.22,246.24,99.32,232.41
2017-01-10,7.68,16.03,59.68,0.27,540.0,271.74,228.75,100.0,230.75
2017-01-11,1.5,14.9,56.4,0.89,539.81,212.16,234.62,99.68,226.3
2017-01-12,3.76,14.42,58.53,0.2,539.28,226.98,264.41,98.8,225.24
2017-01-13,3.82,16.31,57.05,0.9,540.0,244.97,192.29,100.0,216.54
2017-01-14,2.43,14.68,56.15,0.2,540.0,238.69,213.86,100.0,219.06
2017-01-15,4.52,14.39,56.39,0.71,539.9,239.69,235.67,99.83,217.68
2017-01-16,4.61,16.57,57.92,0.44,540.0,244.01,230.97,100.0,231.4
2017-01-17,4.29,18.07,62.11,1.17,539.96,244.65,247.46,99.93,230.98
2017-01-18,2.4,13.54,61.14,0.2,540.0,220.14,215.91,100.0,217.72
2017-01-19,2.13,15.7,51.58,0.2,539.65,211.35,227.16,99.42,236.31
2017-01-20,2.56,13.5,57.02,0.23,540.0,229.09,211.37,100.0,214.05
2017-01-21,1.97,15.95,55.22,0.22,539.92,259.22,253.1,99.87,224.4
2017-01-22,6.69,14.11,53.98,0.56,539.93,224.67,228.29,99.88,224.17
2017-01-23,2.7,17.17,58.82,0.28,539.76,240.76,258.77,99.6,231.19
2017-01-24,3.69,15.28,58.31,0.44,539.38,231.09,258.3,98.97,226.94
2017-01-25,5.61,15.58,67.48,0.2,540.0,284.02,213.23,100.0,228.32
2017-01-26,1.92,18.04,55.85,0.78,539.54,229.66,262.86,99.23,224.98
2017-01-27,1.47,14.57,54.95,0.93,539.51,239.84,252.58,99.18,231.63
2017-01-28,1.98,16.78,54.12,0.84,538.87,205.65,226.57,98.12,219.72
2017-01-29,3.96,14.89,57.17,0.2,538.23,196.06,245.97,97.05,223.04
2017-01-30,3.79,17.73,60.44,1.02,538.26,221.0,223.63,97.1,224.32
2017-01-31,4.29,18.7,60.82,0.37,538.13,254.51,266.93,96.88,243.72
2017-02-01,3.13,15.72,70.15,1.3,538.24,243.5,240.96,97.07,221.59
2017-02-02,3.07,12.92,54.45,0.2,537.12,177.26,247.71,95.2,226.2
2017-02-03,6.11,15.27,60.15,0.54,537.53,251.21,229.36,95.88,215.95
2017-02-04,7.16,20.05,56.07,1.61,537.12,200.02,240.87,95.2,218.43
2017-02-05,3.54,15.62,60.11,0.94,536.82,258.13,262.61,94.7,226.71
2017-02-06,3.8,19.26,63.27,1.26,536.97,251.84,251.05,94.95,221.69
2017-02-07,4.95,15.8,62.7,0.2,536.69,237.52,254.93,94.48,214.39
2017-02-08,7.04,15.86,55.26,0.2,537.03,260.97,232.99,95.05,224.48
2017-02-09,3.35,18.09,60.7,0.2,536.58,230.12,250.62,94.3,222.23
2017-02-10,4.91,18.01,50.18,1.13,536.77,242.69,232.3,94.62,213.78
2017-02-11,2.36,18.41,48.0,2.1,536.33,200.74,241.71,93.88,211.16
2017-02-12,1.59,17.25,56.58,0.2,536.1,224.96,236.84,93.5,215.35
2017-02-13,2.51,18.91,59.92,2.1,536.17,247.26,246.94,93.62,214.9
2017-02-14,8.12,18.91,61.14,1.69,535.99,198.57,209.69,93.32,206.01
2017-02-15,4.98,19.3,66.02,0.42,535.76,252.48,254.34,92.93,216.15
2017-02-16,1.67,16.76,58.3,0.2,534.82,180.5,241.87,91.37,204.81
2017-02-17,5.14,19.36,58.07,0.86,534.56,206.98,218.69,90.93,214.18
2017-02-18,1.74,17.15,62.45,0.81,533.94,227.68,259.94,89.9,206.42
2017-02-19,4.29,17.81,57.19,0.96,533.31,233.34,271.5,88.85,208.79
2017-02-20,1.93,17.9,59.3,0.9,532.54,210.38,258.86,87.57,212.74
2017-02-21,1.64,16.79,59.79,0.4,531.77,209.74,269.2,86.28,210.5
2017-02-22,9.04,15.81,57.4,0.57,531.88,258.75,251.32,86.47,208.26
2017-02-23,2.75,20.37,58.99,1.99,531.74,262.51,259.19,86.23,208.92
2017-02-24,4.96,17.61,67.93,0.55,531.33,223.36,260.09,85.55,198.99
2017-02-25,3.49,18.38,62.96,0.62,530.83,226.73,263.06,84.72,208.1
2017-02-26,1.85,17.82,54.6,1.56,531.08,229.87,214.65,85.13,186.21
2017-02-27,2.96,18.66,67.55,0.78,531.64,282.89,252.21,86.07,210.46
2017-02-28,1.87,18.41,60.64,1.31,530.78,226.61,283.27,84.63,201.88
2017-03-01,13.49,21.22,63.43,1.6,531.04,279.26,256.5,85.07,196.73
2017-03-02,5.58,18.54,59.03,1.66,531.01,261.79,265.62,85.02,199.38
2017-03-03,3.49,22.13,60.28,2.59,530.71,243.67,267.83,84.52,206.5
2017-03-04,4.85,21.4,58.81,2.43,530.61,233.31,241.55,84.35,196.33
2017-03-05,5.37,19.11,59.39,0.97,530.21,274.78,307.21,83.68,214.28
2017-03-06,5.39,20.44,58.44,1.33,529.54,222.9,268.23,82.57,199.62
2017-03-07,5.26,20.87,62.74,2.02,529.08,232.6,254.21,81.8,194.71
2017-03-08,5.02,21.49,62.07,1.73,528.57,261.42,289.65,80.95,199.51
2017-03-09,3.73,21.77,57.48,1.95,528.25,237.4,268.17,80.42,185.45
2017-03-10,8.72,20.77,54.36,1.46,527.69,239.18,276.57,79.48,186.57
2017-03-11,3.91,19.2,59.19,1.98,526.56,239.28,304.61,77.6,194.09
2017-03-12,3.66,21.73,55.38,2.54,525.83,227.56,264.86,76.38,184.68
2017-03-13,3.96,20.55,56.9,1.62,524.92,254.6,303.61,74.87,203.83
2017-03-14,4.14,16.85,59.55,0.35,524.6,245.27,273.52,74.33,177.78
2017-03-15,1.56,21.76,53.37,1.74,523.47,199.38,275.85,72.45,173.96
2017-03-16,2.24,20.21,51.98,1.81,522.7,218.82,284.47,71.17,168.29
2017-03-17,3.41,20.76,59.97,1.83,521.98,221.85,272.96,69.97,179.29
2017-03-18,1.6,21.6,58.01,1.48,521.42,218.34,259.98,69.03,169.32
2017-03-19,3.72,19.39,59.45,0.69,520.89,242.47,293.99,68.15,167.87
2017-03-20,4.23,22.07,61.02,1.98,519.41,214.71,304.17,65.68,173.8
2017-03-21,1.92,21.52,55.66,2.39,519.09,299.88,308.03,65.15,169.64
2017-03-22,2.65,20.82,60.22,1.69,518.59,266.27,303.38,64.32,179.96
2017-03-23,7.78,22.34,65.93,1.73,518.42,276.62,284.78,64.03,161.48
2017-03-24,5.22,19.88,59.37,0.87,517.24,219.29,300.06,62.07,177.24
2017-03-25,5.08,22.66,67.19,1.58,515.96,196.39,290.97,59.93,160.1
2017-03-26,7.29,23.39,60.55,2.72,515.1,247.97,309.74,58.5,156.97
2017-03-27,2.54,23.28,55.18,1.79,514.77,264.34,297.85,57.95,154.32
2017-03-28,2.13,24.14,61.67,3.32,513.72,244.69,305.79,56.2,156.02
2017-03-29,6.82,24.85,59.59,2.72,513.13,238.87,284.24,55.22,145.75
2017-03-30,3.85,23.11,63.69,1.32,511.58,207.49,304.01,52.63,139.48
2017-03-31,2.67,25.01,60.2,2.95,511.14,227.72,268.85,51.9,142.22
2017-04-01,2.06,23.38,57.6,2.59,510.4,238.64,289.88,50.67,146.09
2017-04-02,4.56,22.59,66.35,1.69,509.76,237.22,283.3,49.6,142.9
2017-04-03,3.8,23.19,57.9,2.78,507.65,233.3,367.65,46.08,141.67
2017-04-04,3.54,24.31,50.92,2.49,506.31,226.49,310.42,43.85,135.81
2017-04-05,2.03,25.67,62.22,3.12,506.37,287.95,285.78,43.95,126.53
2017-04-06,9.47,24.18,63.65,2.37,506.53,277.37,279.36,44.22,121.76
2017-04-07,2.48,23.3,64.98,1.98,506.83,281.51,273.26,44.72,119.9
2017-04-08,3.93,26.61,56.04,3.89,506.58,265.98,283.87,44.3,131.18
2017-04-09,3.72,22.42,59.89,2.55,505.65,227.48,284.73,42.75,109.86
2017-04-10,6.11,23.7,60.15,1.82,505.63,287.32,291.98,42.72,132.46
2017-04-11,2.63,26.17,63.34,3.08,505.6,293.16,303.81,42.67,125.43
2017-04-12,5.88,27.61,63.22,4.2,505.17,303.86,332.23,41.95,123.36
2017-04-13,5.25,25.81,61.91,3.53,504.74,285.89,309.63,41.23,117.38
2017-04-14,3.74,25.59,61.55,2.35,503.99,272.12,326.56,39.98,119.19
2017-04-15,6.02,24.9,57.34,3.55,503.66,273.74,291.99,39.43,120.74
2017-04-16,5.11,26.28,64.4,3.35,503.34,292.63,309.2,38.9,119.46
2017-04-17,11.63,25.78,67.4,2.15,502.68,249.84,292.39,37.8,109.2
2017-04-18,4.86,24.58,71.23,2.36,502.42,308.28,329.48,37.37,113.15
2017-04-19,3.83,25.37,63.47,2.93,501.91,282.49,313.83,36.52,114.99
2017-04-20,6.63,24.65,65.62,1.91,501.72,353.09,364.18,36.2,138.54
2017-04-21,4.94,26.09,64.07,3.2,501.5,292.42,306.88,35.83,129.45
2017-04-22,5.67,26.43,59.74,4.28,501.37,297.7,300.94,35.62,116.37
2017-04-23,3.99,28.76,66.33,4.13,501.07,297.59,328.29,35.12,106.36
2017-04-24,7.47,25.52,63.66,2.8,500.78,285.12,317.59,34.63,114.5
2017-04-25,5.15,26.26,62.15,2.81,500.39,314.22,336.14,33.98,105.15
2017-04-26,6.78,28.54,62.54,3.67,500.14,317.11,325.88,33.57,106.42
2017-04-27,14.4,29.47,65.78,3.16,500.37,351.03,329.97,33.95,118.99
2017-04-28,5.93,27.58,61.47,3.06,500.85,349.62,319.78,34.75,108.08
2017-04-29,8.57,26.6,65.82,1.94,501.04,341.19,327.04,35.07,109.52
2017-04-30,6.35,26.37,63.96,3.14,501.19,321.21,299.37,35.32,104.61
2017-05-01,5.73,24.42,64.16,2.26,500.69,323.62,354.8,34.48,108.34
2017-05-02,11.2,25.9,68.8,2.97,500.98,383.15,365.68,34.97,114.86
2017-05-03,5.04,27.55,64.39,3.27,500.95,346.06,353.96,34.92,120.12
2017-05-04,10.28,27.22,64.28,2.62,502.15,402.24,334.96,36.92,121.48
2017-05-05,5.34,28.53,61.29,3.64,502.23,332.07,321.48,37.05,117.13
2017-05-06,10.22,27.4,67.24,2.73,503.05,418.5,357.44,38.42,131.69
2017-05-07,7.93,26.7,63.38,3.85,503.32,338.88,316.91,38.87,106.3
2017-05-08,6.57,28.4,62.26,3.06,503.13,358.13,361.97,38.55,124.81
2017-05-09,7.51,31.73,61.92,4.09,504.28,380.01,295.29,40.47,113.54
2017-05-10,10.3,27.59,68.74,2.58,505.2,406.24,338.19,42.0,142.49
2017-05-11,16.09,28.36,74.81,2.55,506.49,412.19,327.19,44.15,129.81
2017-05-12,6.89,29.51,67.63,3.61,506.16,350.4,364.49,43.6,141.7
2017-05-13,7.66,27.47,70.94,2.37,506.58,390.44,367.36,44.3,145.58
2017-05-14,7.48,30.32,66.43,3.74,507.07,380.96,356.07,45.12,135.98
2017-05-15,9.18,26.12,69.45,2.91,506.84,378.29,382.98,44.73,148.73
2017-05-16,12.41,27.96,76.47,2.73,507.59,411.67,350.15,45.98,146.87
2017-05-17,8.1,28.18,71.63,2.04,507.66,366.48,356.06,46.1,146.38
2017-05-18,10.26,28.95,72.94,3.97,509.52,453.81,324.83,49.2,138.68
2017-05-19,13.02,25.84,70.41,2.73,511.3,461.79,351.8,52.17,143.93
2017-05-20,9.99,30.9,68.96,4.05,513.15,490.56,364.92,55.25,178.52
2017-05-21,11.51,29.56,71.86,3.37,514.56,427.7,335.15,57.6,160.91
2017-05-22,15.13,30.69,69.17,4.25,515.86,447.25,361.7,59.77,180.37
2017-05-23,9.95,31.49,60.08,4.79,518.38,503.21,325.76,63.97,171.83
2017-05-24,9.74,28.03,72.32,3.61,520.28,505.92,375.68,67.13,208.22
2017-05-25,12.9,25.46,76.87,2.44,522.7,522.26,359.56,71.17,195.63
2017-05-26,13.26,30.98,71.98,3.15,525.32,526.47,353.24,75.53,208.26
2017-05-27,11.81,28.88,69.68,3.58,526.98,504.16,380.59,78.3,237.26
2017-05-28,11.83,27.67,71.37,3.16,528.42,496.65,393.94,80.7,219.05
2017-05-29,13.38,30.28,64.67,3.61,530.65,538.92,388.89,84.42,246.18
2017-05-30,11.96,33.17,70.26,4.03,533.01,514.65,351.21,88.35,236.06
2017-05-31,12.27,29.36,68.66,3.8,535.07,533.49,383.65,91.78,258.68
2017-06-01,16.02,30.99,71.58,3.81,537.49,534.87,365.37,95.82,255.18
2017-06-02,12.84,28.13,69.56,3.0,539.75,559.6,396.76,99.58,287.84
2017-06-03,12.76,27.12,69.62,3.78,540.0,589.97,383.11,100.0,267.32
2017-06-04,14.0,31.06,70.29,4.24,540.0,560.49,344.72,100.0,260.94
2017-06-05,14.64,30.55,77.5,3.78,540.0,567.6,370.36,100.0,275.46
2017-06-06,16.98,29.06,74.56,3.89,540.0,586.18,361.39,100.0,260.29
2017-06-07,15.09,32.35,70.67,4.38,540.0,570.18,359.84,100.0,266.43
2017-06-08,21.11,27.18,82.33,2.22,540.0,636.88,378.76,100.0,264.43
2017-06-09,17.01,28.01,78.18,2.71,540.0,635.32,390.36,100.0,272.52
2017-06-10,15.81,29.06,67.66,3.85,540.0,640.73,403.69,100.0,297.99
2017-06-11,18.51,29.36,82.33,3.43,540.0,659.65,377.67,100.0,280.65
2017-06-12,22.35,32.12,79.59,4.12,540.0,633.59,408.33,100.0,285.77
2017-06-13,19.87,30.01,82.26,2.72,540.0,710.88,361.4,100.0,268.62
2017-06-14,16.52,29.66,77.28,3.75,540.0,669.5,372.25,100.0,258.56
2017-06-15,18.1,28.06,85.95,2.65,540.0,684.19,431.93,100.0,287.37
2017-06-16,19.75,31.61,77.83,4.12,540.0,724.58,373.9,100.0,276.51
2017-06-17,21.08,28.28,70.57,2.79,540.0,723.59,421.35,100.0,282.19
2017-06-18,19.47,28.08,77.2,3.94,540.0,765.01,401.71,100.0,281.5
2017-06-19,19.55,29.4,82.63,3.24,540.0,703.09,391.21,100.0,268.58
2017-06-20,26.93,30.24,84.18,3.08,540.0,725.21,414.31,100.0,275.41
2017-06-21,22.59,28.92,81.93,3.35,540.0,730.55,411.96,100.0,298.24
2017-06-22,22.2,31.06,77.89,4.11,540.0,772.77,428.69,100.0,300.0
2017-06-23,20.48,29.57,81.88,3.5,540.0,771.42,396.49,100.0,276.7
2017-06-24,20.15,31.56,81.22,3.21,540.0,768.82,403.5,100.0,274.11
2017-06-25,23.21,30.73,82.86,4.02,540.0,785.6,397.73,100.0,271.11
2017-06-26,24.56,32.65,85.27,3.68,540.0,771.48,377.95,100.0,274.16
2017-06-27,22.74,29.28,84.32,3.03,540.0,843.6,413.96,100.0,296.46
2017-06-28,24.82,31.19,83.04,2.45,540.0,801.11,400.41,100.0,273.67
2017-06-29,25.2,27.23,81.56,2.38,540.0,818.97,368.48,100.0,269.7
2017-06-30,26.0,34.23,89.41,3.89,540.0,784.51,422.43,100.0,286.67
2017-07-01,21.95,31.05,91.41,3.5,540.0,805.2,405.79,100.0,291.95
2017-07-02,23.53,29.39,91.76,2.58,540.0,839.1,393.38,100.0,278.27
2017-07-03,25.75,29.42,88.63,2.14,540.0,853.7,415.68,100.0,273.69
2017-07-04,24.87,29.41,78.95,3.36,540.0,884.69,402.64,100.0,284.55
2017-07-05,26.88,32.5,78.49,3.9,540.0,836.46,409.34,100.0,282.63
2017-07-06,26.3,31.06,83.84,3.14,540.0,897.69,441.65,100.0,285.73
2017-07-07,23.27,29.0,85.36,2.98,540.0,906.96,422.67,100.0,293.13
2017-07-08,29.02,27.77,88.01,1.66,540.0,918.72,406.1,100.0,278.2
2017-07-09,25.09,31.38,86.65,3.81,540.0,933.06,396.74,100.0,279.72
2017-07-10,24.79,30.8,80.48,3.44,540.0,879.6,394.41,100.0,277.65
2017-07-11,29.53,30.55,94.58,2.92,540.0,931.96,432.13,100.0,286.66
2017-07-12,28.21,29.32,94.13,3.23,540.0,974.87,420.52,100.0,279.34
2017-07-13,30.52,28.94,84.01,2.7,540.0,972.34,431.78,100.0,292.55
2017-07-14,27.59,31.87,79.86,3.95,540.0,992.6,417.33,100.0,275.45
2017-07-15,26.44,31.95,86.56,3.58,540.0,957.71,398.31,100.0,284.39
2017-07-16,27.64,30.19,93.07,4.61,540.0,937.37,425.18,100.0,280.54
2017-07-17,25.87,30.62,87.14,3.53,540.0,888.42,388.94,100.0,266.73
2017-07-18,25.73,29.46,88.68,2.38,540.0,915.97,400.34,100.0,288.36
2017-07-19,26.61,26.99,87.04,3.26,540.0,935.12,386.13,100.0,274.63
2017-07-20,32.97,27.5,91.84,2.89,540.0,952.59,393.75,100.0,263.09
2017-07-21,26.96,30.62,91.75,3.17,540.0,942.61,428.09,100.0,287.36
2017-07-22,25.95,30.75,89.23,3.04,540.0,973.03,434.9,100.0,293.91
2017-07-23,27.79,30.34,90.79,2.45,540.0,974.45,435.17,100.0,294.19
2017-07-24,27.18,29.21,81.97,3.31,540.0,973.0,434.21,100.0,284.0
2017-07-25,31.58,30.25,98.0,2.53,540.0,990.6,407.04,100.0,276.27
2017-07-26,33.01,28.45,84.63,2.38,540.0,969.85,423.47,100.0,287.11
2017-07-27,27.52,29.38,89.41,3.3,540.0,1012.18,436.72,100.0,297.49
2017-07-28,28.94,28.06,89.15,3.36,540.0,956.94,389.06,100.0,265.71
2017-07-29,29.16,26.7,89.83,1.99,540.0,982.75,413.39,100.0,273.92
2017-07-30,28.22,29.5,92.51,3.25,540.0,992.79,407.59,100.0,290.46
2017-07-31,27.85,30.02,85.89,3.28,540.0,928.19,362.14,100.0,274.8
2017-08-01,26.8,31.73,86.04,3.78,540.0,961.73,410.21,100.0,275.11
2017-08-02,26.09,28.33,83.9,2.41,540.0,986.62,392.23,100.0,273.22
2017-08-03,26.69,26.26,93.8,1.89,540.0,952.97,421.58,100.0,300.0
2017-08-04,27.94,27.25,90.54,1.8,540.0,916.16,378.87,100.0,277.81
2017-08-05,26.09,27.44,91.18,1.76,540.0,934.98,402.59,100.0,278.92
2017-08-06,28.42,27.77,92.66,2.67,540.0,924.12,395.68,100.0,285.04
2017-08-07,27.99,28.15,97.04,2.11,540.0,970.92,365.05,100.0,263.83
2017-08-08,26.73,27.89,95.85,1.89,540.0,958.99,390.36,100.0,276.44
2017-08-09,27.06,28.41,89.78,2.05,540.0,912.84,396.03,100.0,274.99
2017-08-10,25.63,27.43,88.76,1.69,540.0,907.17,407.54,100.0,285.8
2017-08-11,29.6,23.69,88.62,0.54,540.0,928.62,389.69,100.0,280.03
2017-08-12,29.38,27.26,92.48,2.35,540.0,946.24,409.1,100.0,282.91
2017-08-13,25.28,26.94,90.69,0.95,540.0,922.6,397.2,100.0,281.06
2017-08-14,25.12,27.53,84.6,2.83,540.0,941.08,399.65,100.0,286.28
2017-08-15,25.14,26.05,90.74,2.27,540.0,935.24,398.68,100.0,281.27
2017-08-16,27.82,26.81,92.62,2.12,540.0,933.41,379.6,100.0,273.46
2017-08-17,27.02,27.2,83.54,2.58,540.0,876.37,355.75,100.0,267.21
2017-08-18,29.05,26.01,89.83,1.91,540.0,906.02,410.37,100.0,290.25
2017-08-19,29.3,27.14,88.43,2.49,540.0,941.47,398.65,100.0,271.53
2017-08-20,23.53,26.12,86.53,2.29,540.0,890.0,373.18,100.0,272.73
2017-08-21,26.57,26.13,83.81,2.92,540.0,879.07,384.23,100.0,260.16
2017-08-22,28.39,21.39,82.31,1.89,540.0,883.82,379.53,100.0,269.88
2017-08-23,24.11,23.93,83.96,2.46,540.0,869.55,351.33,100.0,276.0
2017-08-24,24.44,23.81,83.41,1.3,540.0,871.75,360.97,100.0,260.37
2017-08-25,23.86,25.72,87.43,2.44,540.0,848.65,389.76,100.0,263.72
2017-08-26,23.66,27.18,86.81,2.69,540.0,801.84,355.07,100.0,257.38
2017-08-27,25.92,24.97,87.97,1.53,540.0,871.69,372.13,100.0,274.47
2017-08-28,29.54,26.29,82.0,1.92,540.0,856.94,386.57,100.0,273.2
2017-08-29,27.49,25.87,82.23,2.06,540.0,846.3,358.59,100.0,258.09
2017-08-30,21.82,24.97,82.06,1.5,540.0,830.26,336.69,100.0,266.56
2017-08-31,23.06,25.5,84.76,1.39,540.0,816.79,354.53,100.0,266.82
2017-09-01,20.81,24.87,82.41,2.24,540.0,789.78,336.01,100.0,249.79
2017-09-02,20.61,24.16,84.93,1.76,540.0,741.57,311.08,100.0,248.33
2017-09-03,21.34,24.83,87.47,1.85,540.0,812.29,364.55,100.0,281.98
2017-09-04,19.93,26.28,78.36,2.93,540.0,761.97,334.79,100.0,255.33
2017-09-05,19.79,24.69,78.72,1.96,540.0,708.74,271.19,100.0,225.21
2017-09-06,21.06,24.17,83.55,2.2,540.0,716.51,336.11,100.0,261.21
2017-09-07,21.43,22.39,83.15,0.98,540.0,743.79,339.42,100.0,261.66
2017-09-08,21.02,25.7,85.07,1.75,540.0,735.45,370.84,100.0,278.4
2017-09-09,20.71,21.33,83.08,1.1,540.0,703.53,325.94,100.0,251.91
2017-09-10,17.39,20.74,88.63,1.84,540.0,684.04,343.43,100.0,263.36
2017-09-11,17.54,23.72,74.25,2.6,540.0,683.64,333.94,100.0,258.95
2017-09-12,18.58,21.71,84.75,1.68,540.0,637.74,301.32,100.0,246.7
2017-09-13,21.33,24.53,82.2,1.23,540.0,667.17,323.48,100.0,256.13
2017-09-14,27.56,20.23,79.34,1.0,540.0,670.99,312.8,100.0,254.65
2017-09-15,18.21,24.06,71.55,2.53,540.0,714.7,307.89,100.0,252.71
2017-09-16,19.08,23.71,75.53,2.95,540.0,660.36,302.17,100.0,253.45
2017-09-17,14.96,22.52,83.33,0.54,540.0,664.82,299.13,100.0,230.09
2017-09-18,18.33,19.06,85.02,0.83,540.0,686.35,314.23,100.0,240.42
2017-09-19,14.86,19.48,78.36,1.3,540.0,592.12,299.22,100.0,247.57
2017-09-20,14.83,22.29,76.32,1.76,540.0,590.56,287.11,100.0,242.99
2017-09-21,17.9,21.44,75.58,0.67,540.0,583.64,291.94,100.0,236.62
2017-09-22,15.23,22.75,76.54,1.77,540.0,548.58,252.36,100.0,228.68
2017-09-23,12.68,21.42,74.52,1.58,540.0,567.82,271.65,100.0,231.43
2017-09-24,13.63,21.15,83.47,1.12,540.0,594.5,289.02,100.0,246.91
2017-09-25,18.94,17.6,74.62,0.2,540.0,586.23,326.13,100.0,248.47
2017-09-26,13.37,22.34,77.23,1.11,540.0,580.57,303.58,100.0,248.97
2017-09-27,13.06,20.0,83.02,0.99,540.0,524.95,262.1,100.0,241.33
2017-09-28,15.47,20.24,79.72,0.58,540.0,510.38,310.84,100.0,243.71
2017-09-29,13.82,19.09,71.56,0.55,540.0,588.75,289.36,100.0,233.52
2017-09-30,12.07,18.25,69.19,0.67,540.0,520.25,255.53,100.0,226.72
2017-10-01,11.34,22.63,74.6,1.75,540.0,464.96,267.46,100.0,229.78
2017-10-02,26.07,21.49,80.09,1.74,540.0,583.82,305.69,100.0,248.43
2017-10-03,15.71,21.38,80.05,0.6,540.0,511.78,251.64,100.0,218.89
2017-10-04,12.79,19.7,76.4,0.24,540.0,432.63,240.86,100.0,238.58
2017-10-05,12.71,17.28,72.71,0.2,540.0,537.75,312.62,100.0,241.58
2017-10-06,10.79,22.91,69.74,0.99,540.0,436.91,266.46,100.0,226.11
2017-10-07,11.57,20.26,67.58,1.58,540.0,472.95,255.67,100.0,232.52
2017-10-08,10.07,19.7,72.65,0.2,540.0,472.17,262.04,100.0,233.27
2017-10-09,8.89,18.83,66.06,1.33,540.0,456.4,266.7,100.0,245.23
2017-10-10,10.93,16.17,76.69,0.55,540.0,470.04,258.37,100.0,231.04
2017-10-11,9.19,20.82,73.07,1.39,540.0,448.75,285.26,100.0,239.59
2017-10-12,10.6,17.39,74.3,0.2,540.0,463.05,261.61,100.0,238.53
2017-10-13,10.91,19.67,65.98,1.24,540.0,410.63,264.28,100.0,241.49
2017-10-14,10.3,19.88,70.13,0.72,540.0,399.97,250.32,100.0,216.76
2017-10-15,7.42,19.1,68.02,0.38,540.0,391.25,245.87,100.0,229.4
2017-10-16,7.9,19.18,69.92,1.24,540.0,427.54,269.19,100.0,251.52
2017-10-17,7.9,20.37,71.04,1.59,540.0,368.36,260.02,100.0,229.12
2017-10-18,11.09,17.04,68.92,1.09,540.0,401.41,213.33,100.0,219.55
2017-10-19,10.69,18.36,68.29,0.65,540.0,355.05,237.97,100.0,233.54
2017-10-20,6.67,17.65,71.3,0.61,540.0,350.13,277.94,100.0,242.64
2017-10-21,5.91,15.11,64.3,0.93,540.0,393.55,233.88,100.0,217.74
2017-10-22,17.68,18.18,69.4,1.76,540.0,386.57,250.19,100.0,229.86
2017-10-23,8.42,19.51,68.09,1.62,540.0,313.57,254.47,100.0,223.02
2017-10-24,5.3,19.59,70.18,0.87,540.0,333.88,209.79,100.0,209.88
2017-10-25,6.01,20.2,62.6,1.43,540.0,286.31,216.75,100.0,227.36
2017-10-26,9.84,14.64,76.62,0.2,540.0,344.01,200.84,100.0,220.48
2017-10-27,14.76,19.63,64.33,1.58,540.0,338.53,232.97,100.0,237.3
2017-10-28,13.39,17.35,75.87,0.2,540.0,338.21,237.97,100.0,232.87
2017-10-29,7.37,19.37,71.25,1.12,540.0,380.39,248.93,100.0,228.93
2017-10-30,6.3,16.27,61.04,0.65,540.0,357.98,263.64,100.0,227.55
2017-10-31,4.58,15.96,59.44,0.65,540.0,397.95,238.92,100.0,236.49
2017-11-01,6.22,14.83,69.66,0.2,540.0,333.16,204.38,100.0,220.0
2017-11-02,4.45,17.72,63.51,0.9,540.0,316.59,206.85,100.0,222.01
2017-11-03,5.01,17.23,61.17,1.61,540.0,303.17,206.74,100.0,220.39
2017-11-04,8.06,14.68,74.25,0.2,540.0,289.93,223.7,100.0,230.13
2017-11-05,5.09,13.01,61.37,0.2,540.0,278.79,264.44,100.0,224.24
2017-11-06,4.86,16.79,61.83,0.2,540.0,284.64,216.46,100.0,211.0
2017-11-07,5.24,16.86,62.27,0.72,540.0,284.8,245.0,100.0,222.56
2017-11-08,16.72,14.5,58.63,0.22,540.0,303.74,217.7,100.0,222.45
2017-11-09,3.48,14.11,64.85,0.2,540.0,312.59,197.7,100.0,210.28
2017-11-10,5.72,16.78,60.77,0.99,540.0,303.2,202.85,100.0,223.03
2017-11-11,11.21,18.5,69.18,0.66,540.0,291.02,202.43,100.0,214.88
2017-11-12,4.78,14.89,68.06,0.52,540.0,282.92,213.03,100.0,234.63
2017-11-13,8.58,14.23,66.79,0.2,540.0,292.2,224.68,100.0,234.14
2017-11-14,2.89,15.92,63.9,1.03,540.0,260.79,198.4,100.0,214.68
2017-11-15,4.25,16.34,63.85,0.53,540.0,269.33,228.4,100.0,213.83
2017-11-16,3.26,14.77,60.33,0.2,540.0,252.46,230.75,100.0,228.91
2017-11-17,4.39,18.28,59.93,0.31,540.0,324.29,215.08,100.0,211.26
2017-11-18,4.37,16.52,68.06,0.2,540.0,223.65,223.39,100.0,214.9
2017-11-19,4.53,14.52,66.24,0.2,540.0,236.97,167.98,100.0,201.18
2017-11-20,6.7,12.64,65.42,0.2,540.0,245.53,160.77,100.0,198.73
2017-11-21,2.02,16.94,63.71,1.07,540.0,244.92,224.33,100.0,225.9
2017-11-22,3.15,16.68,61.47,0.72,540.0,278.06,204.06,100.0,217.81
2017-11-23,4.67,14.38,63.63,0.2,539.88,246.08,251.65,99.8,223.33
2017-11-24,1.98,15.3,63.79,0.54,540.0,214.2,200.83,100.0,212.41
2017-11-25,5.7,14.49,54.73,0.2,540.0,280.47,192.52,100.0,202.29
2017-11-26,2.94,15.44,65.15,0.2,540.0,251.81,241.89,100.0,230.48
2017-11-27,3.63,13.07,65.74,0.2,540.0,255.59,221.78,100.0,208.19
2017-11-28,6.49,12.8,60.4,0.2,540.0,263.4,240.77,100.0,225.66
2017-11-29,7.91,15.72,68.08,0.2,540.0,224.99,192.28,100.0,207.21
2017-11-30,5.6,15.86,53.17,0.78,540.0,254.69,215.75,100.0,223.09
2017-12-01,2.17,13.68,62.63,0.2,540.0,273.42,193.77,100.0,206.55
2017-12-02,5.38,13.25,62.69,0.2,540.0,238.99,171.24,100.0,199.03
2017-12-03,5.56,16.05,60.43,0.94,540.0,260.51,224.28,100.0,224.79
2017-12-04,4.9,13.22,62.24,0.2,540.0,260.99,200.43,100.0,217.5
2017-12-05,8.51,14.34,65.51,0.2,540.0,214.97,182.83,100.0,201.38
2017-12-06,3.9,14.12,54.09,0.25,540.0,227.86,177.02,100.0,210.96
2017-12-07,8.26,11.99,67.62,0.2,539.91,200.63,204.48,99.85,232.57
2017-12-08,8.21,14.45,61.13,0.2,540.0,267.16,212.22,100.0,214.84
2017-12-09,5.51,14.28,65.72,1.63,540.0,309.12,207.72,100.0,208.09
2017-12-10,4.33,14.65,63.58,0.29,540.0,237.56,193.34,100.0,212.46
2017-12-11,4.76,14.33,59.47,0.2,540.0,251.0,224.35,100.0,212.36
2017-12-12,9.53,17.27,61.83,1.16,540.0,282.79,164.36,100.0,200.96
2017-12-13,6.74,15.8,61.32,0.21,540.0,261.38,223.64,100.0,218.27
2017-12-14,1.96,14.1,66.35,0.2,540.0,224.36,215.01,100.0,223.88
2017-12-15,4.51,14.22,56.28,0.27,540.0,286.82,190.73,100.0,198.94
2017-12-16,2.14,16.66,57.35,0.95,540.0,249.09,171.27,100.0,193.94
2017-12-17,2.37,15.3,53.21,0.94,539.95,226.61,218.65,99.92,222.72
2017-12-18,2.79,12.16,61.08,0.2,540.0,222.08,183.03,100.0,212.56
2017-12-19,1.58,15.42,56.57,1.0,540.0,239.72,240.95,100.0,212.33
2017-12-20,2.02,15.86,57.04,0.93,539.27,205.39,247.04,98.78,237.55
2017-12-21,8.53,16.43,67.37,0.82,540.0,270.01,223.27,100.0,227.82
2017-12-22,2.31,13.4,56.51,0.5,540.0,261.88,211.86,100.0,213.32
2017-12-23,5.83,13.3,60.55,0.2,540.0,235.29,205.91,100.0,216.78
2017-12-24,3.84,12.61,58.71,0.2,540.0,240.05,177.3,100.0,193.13
2017-12-25,4.85,14.49,58.75,0.36,540.0,221.71,203.38,100.0,220.23
2017-12-26,4.97,15.15,71.23,0.59,540.0,221.07,200.27,100.0,208.38
2017-12-27,1.92,13.29,52.49,0.2,540.0,207.85,195.19,100.0,210.18
2017-12-28,5.77,13.87,63.33,0.2,540.0,230.89,219.68,100.0,219.76
2017-12-29,1.63,11.02,69.62,0.2,540.0,233.88,215.41,100.0,227.62
2017-12-30,2.2,16.39,62.81,0.56,539.49,188.21,222.17,99.15,222.97
2017-12-31,4.9,11.8,61.1,0.2,540.0,244.95,206.6,100.0,213.82
2018-01-01,1.76,14.74,53.25,0.37,539.82,204.26,221.96,99.7,216.57
2018-01-02,1.14,14.56,62.97,0.26,539.93,228.92,214.32,99.88,220.17
2018-01-03,4.17,14.31,62.79,0.2,540.0,242.87,228.75,100.0,222.85
2018-01-04,1.32,14.38,51.76,0.33,540.0,253.96,217.51,100.0,218.14
2018-01-05,5.13,12.79,58.61,0.2,540.0,249.08,254.49,100.0,231.75
2018-01-06,2.74,13.86,53.79,0.2,540.0,264.64,173.04,100.0,203.67
2018-01-07,4.14,15.84,47.15,1.08,540.0,248.41,232.58,100.0,213.72
2018-01-08,4.09,16.33,53.51,0.88,539.91,232.09,235.38,99.85,224.88
2018-01-09,5.38,13.85,60.11,0.2,540.0,222.58,192.15,100.0,211.54
2018-01-10,4.92,12.19,62.33,0.2,539.68,231.07,255.92,99.47,232.03
2018-01-11,1.76,13.41,57.09,0.2,540.0,273.23,226.87,100.0,215.82
2018-01-12,2.85,17.41,63.12,0.34,540.0,225.49,217.46,100.0,214.22
2018-01-13,4.13,13.61,63.4,0.2,540.0,230.37,228.82,100.0,234.94
2018-01-14,7.99,14.6,60.04,0.55,540.0,271.59,246.05,100.0,223.82
2018-01-15,4.95,16.93,57.62,0.21,540.0,228.9,225.27,100.0,225.89
2018-01-16,7.54,14.07,62.06,0.35,540.0,224.12,224.67,100.0,216.56
2018-01-17,4.28,14.68,58.98,0.2,540.0,274.61,247.74,100.0,216.31
2018-01-18,6.58,16.18,53.82,0.99,539.85,229.52,244.37,99.75,227.24
2018-01-19,3.92,17.63,56.86,1.03,540.0,253.79,236.14,100.0,230.11
2018-01-20,6.4,14.16,62.74,0.2,540.0,251.75,198.94,100.0,211.54
2018-01-21,2.66,17.29,62.91,0.95,540.0,246.12,209.48,100.0,203.29
2018-01-22,8.61,14.85,64.61,0.2,539.19,184.67,243.14,98.65,209.76
2018-01-23,4.59,14.02,60.76,0.47,539.75,261.5,228.24,99.58,230.55
2018-01-24,1.43,15.8,63.47,0.92,540.0,236.52,218.92,100.0,220.19
2018-01-25,4.23,13.77,61.07,0.2,540.0,249.96,242.55,100.0,232.13
2018-01-26,4.97,16.3,58.57,0.48,540.0,250.78,241.05,100.0,229.02
2018-01-27,5.82,20.4,63.96,1.24,540.0,241.7,229.87,100.0,215.75
2018-01-28,10.62,17.42,63.75,0.88,539.8,233.54,248.76,99.67,227.42
2018-01-29,2.41,15.69,63.33,0.93,540.0,235.4,209.69,100.0,205.45
2018-01-30,10.67,17.51,56.14,0.2,540.0,254.01,204.09,100.0,222.15
2018-01-31,3.35,14.63,55.4,0.2,539.84,257.08,270.15,99.73,238.43
2018-02-01,2.08,14.97,54.98,0.3,540.0,236.23,215.42,100.0,224.35
2018-02-02,2.45,16.1,58.8,0.6,540.0,257.35,212.46,100.0,227.25
2018-02-03,4.78,16.44,66.22,0.2,540.0,229.39,232.18,100.0,222.05
2018-02-04,1.92,14.46,53.83,0.34,539.56,199.12,234.5,99.27,218.67
2018-02-05,2.7,16.04,61.86,0.2,539.44,237.48,232.22,99.07,222.0
2018-02-06,4.17,16.39,53.93,0.51,539.93,273.0,243.5,99.88,236.82
2018-02-07,8.58,19.02,68.21,1.59,539.76,206.62,210.64,99.6,205.91
2018-02-08,5.73,14.87,53.48,0.2,539.37,234.23,258.45,98.95,231.01
2018-02-09,3.45,14.84,61.94,0.2,539.9,266.44,219.38,99.83,225.75
2018-02-10,4.78,17.29,62.32,0.77,540.0,257.46,250.05,100.0,232.44
2018-02-11,3.92,18.86,60.49,1.7,539.99,258.38,255.4,99.98,239.48
2018-02-12,1.65,18.07,53.85,1.13,539.72,232.57,260.81,99.53,222.05
2018-02-13,9.58,17.81,56.41,0.73,538.46,171.57,244.22,97.43,230.94
2018-02-14,8.68,17.03,65.62,0.83,538.89,252.88,231.1,98.15,216.24
2018-02-15,3.21,18.59,62.1,1.44,539.05,253.32,245.71,98.42,211.08
2018-02-16,2.52,18.94,61.69,1.71,539.33,269.95,243.36,98.88,223.64
2018-02-17,1.68,17.43,62.32,0.72,539.19,223.14,219.96,98.65,212.17
2018-02-18,5.0,16.51,53.19,1.02,539.26,276.73,269.19,98.77,232.75
2018-02-19,5.02,16.64,53.07,1.21,539.02,221.12,238.02,98.37,212.58
2018-02-20,2.04,19.49,54.63,1.57,538.26,215.02,256.23,97.1,225.57
2018-02-21,3.98,15.98,57.26,1.19,537.54,211.49,251.52,95.9,218.53
2018-02-22,5.65,20.93,56.05,2.13,537.98,262.11,239.65,96.63,234.24
2018-02-23,2.45,17.85,59.19,1.88,537.48,204.58,230.71,95.8,217.14
2018-02-24,3.0,19.13,62.41,1.62,537.38,244.65,255.1,95.63,224.73
2018-02-25,2.99,19.84,56.6,0.55,537.21,210.3,231.41,95.35,213.66
2018-02-26,2.14,17.89,54.8,0.88,536.29,226.56,280.92,93.82,236.06
2018-02-27,3.06,18.35,61.58,0.2,534.68,185.54,282.92,91.13,225.73
2018-02-28,1.42,19.37,56.28,1.08,534.18,241.78,281.15,90.3,230.66
2018-03-01,2.92,18.02,58.89,0.8,533.37,218.42,270.0,88.95,221.4
2018-03-02,2.95,17.83,57.25,1.42,532.83,236.21,267.95,88.05,208.89
2018-03-03,3.31,18.09,60.05,0.75,532.63,219.85,244.35,87.72,209.24
2018-03-04,4.65,21.51,54.19,2.7,531.89,240.24,285.94,86.48,219.18
2018-03-05,1.71,20.42,60.36,1.21,530.87,226.56,295.79,84.78,219.28
2018-03-06,1.87,18.77,57.93,1.06,530.36,244.76,265.34,83.93,205.25
2018-03-07,2.18,21.4,54.4,1.35,529.85,238.58,271.51,83.08,193.0
2018-03-08,1.66,19.12,60.11,1.95,529.31,227.75,255.48,82.18,196.0
2018-03-09,5.04,17.43,56.85,1.69,528.33,201.22,262.05,80.55,195.45
2018-03-10,2.51,21.54,54.84,1.92,527.76,214.34,246.52,79.6,189.13
2018-03-11,3.46,23.1,52.89,1.7,527.05,208.81,266.07,78.42,199.42
2018-03-12,2.15,21.6,50.87,2.02,526.57,264.09,289.82,77.62,191.4
2018-03-13,2.87,18.07,61.24,1.05,525.95,250.15,286.59,76.58,193.85
2018-03-14,4.29,21.0,63.52,1.28,525.34,230.73,283.2,75.57,189.42
2018-03-15,4.43,20.76,57.26,2.9,525.13,219.18,228.63,75.22,180.21
2018-03-16,2.04,21.88,54.65,2.99,524.03,211.61,278.28,73.38,196.81
2018-03-17,3.46,20.18,51.75,0.87,523.3,236.94,294.38,72.17,189.89
2018-03-18,2.27,21.09,49.63,1.46,523.14,279.44,289.31,71.9,187.63
2018-03-19,3.43,19.59,62.22,1.51,522.04,232.6,306.15,70.07,176.74
2018-03-20,2.57,22.19,50.38,1.75,521.66,260.03,286.55,69.43,167.09
2018-03-21,10.34,19.93,57.57,1.6,521.13,250.68,296.06,68.55,180.05
2018-03-22,5.98,22.79,60.77,2.13,520.86,262.44,270.79,68.1,170.13
2018-03-23,4.73,21.15,60.07,1.72,520.1,241.01,300.32,66.83,178.81
2018-03-24,3.25,17.7,61.55,1.34,519.04,248.32,306.38,65.07,168.88
2018-03-25,6.17,23.74,59.73,3.3,518.36,238.89,275.91,63.93,173.83
2018-03-26,3.75,23.43,57.5,2.58,518.11,257.43,265.32,63.52,152.45
2018-03-27,9.85,24.85,56.49,2.16,517.57,250.66,284.81,62.62,161.85
2018-03-28,6.65,19.83,58.83,1.51,517.35,269.59,277.63,62.25,158.16
2018-03-29,3.26,22.12,58.28,1.74,516.45,236.8,305.57,60.75,171.4
2018-03-30,9.27,23.43,53.99,3.48,516.31,278.64,291.0,60.52,158.52
2018-03-31,3.5,24.23,55.97,2.97,515.64,271.98,315.05,59.4,158.74
2018-04-01,11.09,21.31,61.65,1.93,515.57,274.12,270.62,59.28,153.86
2018-04-02,9.71,24.29,59.06,2.88,515.69,286.33,288.05,59.48,151.82
2018-04-03,4.88,22.92,59.04,2.19,515.47,274.31,288.41,59.12,156.49
2018-04-04,2.25,21.13,62.69,2.28,516.05,365.29,323.71,60.08,165.18
2018-04-05,4.79,22.92,63.79,1.78,516.31,285.06,265.49,60.52,174.97
2018-04-06,2.69,24.95,65.35,3.01,515.73,263.76,299.18,59.55,156.56
2018-04-07,3.32,21.59,54.66,2.8,515.39,270.74,299.27,58.98,157.98
2018-04-08,3.48,25.39,58.07,2.45,514.43,238.26,309.74,57.38,158.84
2018-04-09,2.86,25.0,64.67,2.73,513.33,239.82,304.56,55.55,154.24
2018-04-10,5.1,24.32,54.02,2.92,513.0,275.65,290.64,55.0,155.73
2018-04-11,3.43,22.38,56.35,1.62,513.14,280.6,266.09,55.23,157.54
2018-04-12,4.27,22.63,59.0,1.45,513.06,291.29,298.24,55.1,144.52
2018-04-13,3.84,24.49,69.06,1.84,512.39,228.13,279.61,53.98,147.22
2018-04-14,6.1,23.52,58.34,2.35,511.91,267.54,287.44,53.18,142.83
2018-04-15,5.98,24.84,66.28,2.68,511.5,282.18,299.86,52.5,147.21
2018-04-16,4.46,26.82,60.79,2.95,510.87,295.51,333.64,51.45,156.71
2018-04-17,6.51,25.18,57.79,3.78,510.95,296.25,292.73,51.58,153.0
2018-04-18,9.04,25.26,74.73,2.84,510.73,272.21,278.12,51.22,144.25
2018-04-19,3.12,25.38,62.07,2.96,510.58,303.75,309.05,50.97,145.52
2018-04-20,4.4,27.47,62.86,3.02,510.23,298.64,314.99,50.38,150.33
2018-04-21,4.06,28.01,63.37,3.39,510.08,300.28,314.56,50.13,136.63
2018-04-22,4.5,26.82,63.77,3.59,509.45,264.13,303.51,49.08,133.18
2018-04-23,3.55,26.51,70.44,3.22,508.59,261.92,312.11,47.65,137.87
2018-04-24,4.94,26.76,69.64,3.31,508.46,336.13,333.07,47.43,148.03
2018-04-25,10.49,28.68,60.6,3.45,508.65,327.95,310.7,47.75,134.59
2018-04-26,6.47,27.36,71.38,2.69,508.04,308.41,345.85,46.73,139.2
2018-04-27,7.57,29.04,60.64,2.98,508.01,316.68,323.97,46.68,122.77
2018-04-28,29.34,26.24,74.47,2.84,508.93,417.7,362.94,48.22,163.63
2018-04-29,12.63,24.97,61.27,1.9,509.3,378.71,343.33,48.83,143.23
2018-04-30,6.62,26.08,68.69,2.7,510.29,371.72,312.34,50.48,123.69
2018-05-01,6.07,26.34,63.22,2.73,511.27,357.53,296.84,52.12,144.68
2018-05-02,6.0,29.7,59.02,4.02,511.36,372.49,359.99,52.27,159.02
2018-05-03,7.98,28.5,69.73,3.87,511.34,305.67,310.91,52.23,144.79
2018-05-04,6.57,26.54,70.96,3.43,511.52,354.77,335.05,52.53,145.24
2018-05-05,5.84,28.81,70.34,3.69,512.25,375.8,328.55,53.75,159.37
2018-05-06,6.74,27.5,59.34,2.96,512.7,381.09,368.69,54.5,168.03
2018-05-07,8.76,30.24,71.93,3.64,512.79,340.24,334.65,54.65,159.94
2018-05-08,9.9,27.38,65.97,2.68,512.78,307.68,304.06,54.63,144.92
2018-05-09,14.99,25.67,78.15,2.0,513.39,391.29,339.33,55.65,155.16
2018-05-10,8.7,27.79,69.52,3.35,514.16,424.77,372.5,56.93,166.52
2018-05-11,12.76,27.66,69.92,2.58,514.88,365.87,324.13,58.13,158.98
2018-05-12,8.5,26.23,67.9,2.54,516.05,400.87,315.89,60.08,168.82
2018-05-13,8.98,29.21,67.35,3.0,516.95,422.45,365.29,61.58,175.53
2018-05-14,9.1,30.55,64.57,4.28,517.82,387.96,326.25,63.03,166.48
2018-05-15,10.06,26.81,64.75,2.83,518.69,372.98,309.87,64.48,175.66
2018-05-16,12.23,30.03,67.72,2.62,519.82,401.88,329.58,66.37,197.89
2018-05-17,9.19,27.74,73.64,3.79,520.43,412.61,354.8,67.38,183.81
2018-05-18,8.84,28.69,63.11,4.04,520.84,384.84,354.17,68.07,185.76
2018-05-19,13.27,28.6,76.1,2.11,522.51,470.95,366.45,70.85,199.18
2018-05-20,13.24,28.83,71.48,3.68,524.74,493.71,341.62,74.57,207.74
2018-05-21,15.9,29.65,75.1,4.17,526.07,467.2,376.35,76.78,220.3
2018-05-22,10.24,27.47,73.94,2.81,527.76,492.22,377.01,79.6,222.3
2018-05-23,11.12,31.01,73.86,3.86,529.18,446.6,365.3,81.97,222.46
2018-05-24,14.74,29.89,72.27,3.4,531.41,488.45,340.97,85.68,241.98
2018-05-25,11.27,30.45,71.08,3.99,533.2,480.54,348.97,88.67,244.31
2018-05-26,14.1,28.09,76.54,3.49,535.12,508.69,371.95,91.87,262.58
2018-05-27,12.33,27.64,68.48,2.51,536.22,440.67,367.12,93.7,258.17
2018-05-28,13.78,31.14,67.65,3.65,538.82,511.24,345.94,98.03,255.97
2018-05-29,11.6,27.68,70.99,3.09,540.0,536.09,404.98,100.0,282.82
2018-05-30,13.8,29.69,74.53,3.59,540.0,537.04,367.41,100.0,280.61
2018-05-31,17.61,31.05,82.43,3.74,540.0,563.02,393.06,100.0,279.8
2018-06-01,16.34,29.37,75.19,3.24,540.0,541.73,346.05,100.0,249.08
2018-06-02,13.03,31.36,81.33,3.21,540.0,491.81,367.51,100.0,277.81
2018-06-03,21.03,29.24,79.47,3.67,540.0,611.93,356.06,100.0,274.8
2018-06-04,18.59,27.77,75.32,2.32,540.0,618.14,385.28,100.0,282.36
2018-06-05,13.84,30.29,79.31,3.2,540.0,639.46,394.63,100.0,267.31
2018-06-06,14.86,30.06,74.48,3.54,540.0,606.9,390.76,100.0,278.17
2018-06-07,14.54,33.82,75.45,4.68,540.0,625.08,368.26,100.0,275.42
2018-06-08,17.33,28.41,72.08,3.04,540.0,674.25,353.88,100.0,263.73
2018-06-09,15.79,29.47,70.71,3.87,540.0,572.57,381.32,100.0,275.1
2018-06-10,14.98,28.78,79.08,3.7,540.0,639.13,376.71,100.0,274.87
2018-06-11,17.34,29.69,82.2,2.9,540.0,669.8,381.12,100.0,266.58
2018-06-12,20.4,29.65,87.04,3.25,540.0,661.43,369.21,100.0,271.83
2018-06-13,18.4,28.63,75.77,3.26,540.0,666.89,387.18,100.0,267.41
2018-06-14,19.88,30.66,85.08,3.19,540.0,642.1,384.21,100.0,272.64
2018-06-15,19.29,29.65,84.78,2.17,540.0,730.18,418.36,100.0,280.29
2018-06-16,21.14,32.0,77.83,4.09,540.0,733.71,357.19,100.0,270.81
2018-06-17,20.19,29.01,86.09,3.15,540.0,746.1,372.64,100.0,274.33
2018-06-18,19.59,32.79,83.17,4.5,540.0,722.77,404.49,100.0,283.84
2018-06-19,20.38,30.41,85.22,3.13,540.0,723.43,351.04,100.0,264.68
2018-06-20,25.55,31.91,91.16,3.16,540.0,748.59,384.06,100.0,276.36
2018-06-21,22.39,30.17,86.36,2.74,540.0,800.49,453.44,100.0,300.0
2018-06-22,19.65,28.83,72.93,1.77,540.0,757.84,393.62,100.0,285.65
2018-06-23,21.66,29.6,83.56,2.94,540.0,811.84,420.88,100.0,278.4
2018-06-24,22.61,27.9,77.1,4.3,540.0,781.74,368.34,100.0,264.53
2018-06-25,21.81,29.81,83.28,3.84,540.0,764.99,413.05,100.0,281.16
2018-06-26,20.27,30.22,82.51,2.83,540.0,737.99,387.01,100.0,272.56
2018-06-27,21.34,30.01,80.48,3.08,540.0,813.78,411.26,100.0,276.26
2018-06-28,22.27,31.92,78.7,3.61,540.0,826.31,418.03,100.0,288.33
2018-06-29,30.27,29.69,84.74,3.83,540.0,797.18,391.75,100.0,275.35
2018-06-30,24.86,27.05,84.32,3.6,540.0,874.21,422.83,100.0,287.28
2018-07-01,21.93,35.18,81.71,4.64,540.0,811.74,380.8,100.0,260.3
2018-07-02,24.02,28.8,85.58,3.01,540.0,874.47,413.17,100.0,271.65
2018-07-03,28.69,31.26,88.8,3.66,540.0,892.02,424.58,100.0,282.53
2018-07-04,23.71,27.52,84.5,2.59,540.0,895.31,403.32,100.0,283.75
2018-07-05,28.06,30.11,91.99,3.16,540.0,830.07,384.5,100.0,276.8
2018-07-06,23.29,28.52,85.44,2.84,540.0,913.76,406.59,100.0,287.6
2018-07-07,29.19,25.44,92.72,2.07,540.0,897.13,434.42,100.0,284.58
2018-07-08,24.89,29.21,85.09,2.0,540.0,891.37,429.87,100.0,292.82
2018-07-09,25.24,29.51,97.47,2.46,540.0,927.97,431.21,100.0,299.16
2018-07-10,26.64,29.21,89.14,2.29,540.0,933.91,447.0,100.0,300.0
2018-07-11,27.52,29.86,94.09,3.24,540.0,871.57,406.95,100.0,271.62
2018-07-12,24.31,29.04,83.85,2.6,540.0,885.64,411.78,100.0,289.97
2018-07-13,25.65,29.5,85.35,2.28,540.0,953.27,377.86,100.0,273.61
2018-07-14,27.11,29.6,86.79,2.15,540.0,942.12,397.15,100.0,280.69
2018-07-15,28.26,29.23,98.0,2.84,540.0,941.12,424.72,100.0,300.0
2018-07-16,25.79,28.97,86.79,2.42,540.0,912.67,426.86,100.0,288.78
2018-07-17,27.04,27.83,85.28,2.58,540.0,955.92,389.39,100.0,279.44
2018-07-18,26.55,30.0,93.01,3.75,540.0,979.88,416.23,100.0,284.3
2018-07-19,28.24,28.62,89.2,2.92,540.0,1011.94,465.32,100.0,297.7
2018-07-20,31.34,28.43,89.45,2.42,540.0,952.59,410.7,100.0,284.42
2018-07-21,27.29,29.67,85.95,2.5,540.0,988.04,445.89,100.0,290.1
2018-07-22,26.15,29.15,90.1,3.05,540.0,1013.07,426.89,100.0,288.08
2018-07-23,26.89,27.71,93.17,2.32,540.0,932.77,418.32,100.0,282.2
2018-07-24,34.29,30.56,94.21,3.35,540.0,1025.13,401.94,100.0,264.5
2018-07-25,26.83,26.83,87.31,1.15,540.0,979.17,380.22,100.0,268.64
2018-07-26,26.53,26.99,85.13,3.01,540.0,975.75,425.5,100.0,293.31
2018-07-27,27.55,29.45,72.69,2.58,540.0,963.26,414.47,100.0,286.71
2018-07-28,28.13,31.0,84.77,3.21,540.0,970.09,409.7,100.0,279.9
2018-07-29,27.37,27.42,87.83,3.17,540.0,949.63,378.01,100.0,272.06
2018-07-30,26.35,28.82,88.25,1.69,540.0,943.53,395.62,100.0,271.39
2018-07-31,29.07,26.32,89.23,2.11,540.0,982.25,395.34,100.0,272.05
2018-08-01,28.8,26.63,98.0,1.83,540.0,1000.15,399.08,100.0,278.18
2018-08-02,30.07,29.63,91.65,2.89,540.0,948.29,405.34,100.0,278.63
2018-08-03,28.64,28.39,84.5,2.99,540.0,957.92,415.43,100.0,278.11
2018-08-04,33.71,29.49,93.73,2.82,540.0,992.01,411.21,100.0,281.56
2018-08-05,30.14,29.27,91.27,2.16,540.0,957.7,403.3,100.0,271.7
2018-08-06,29.35,24.41,86.6,1.8,540.0,990.54,405.67,100.0,291.27
2018-08-07,31.51,25.65,92.38,1.88,540.0,977.73,397.04,100.0,283.75
2018-08-08,28.04,27.76,91.26,2.42,540.0,940.04,377.31,100.0,255.94
2018-08-09,27.22,24.7,93.76,2.66,540.0,979.62,399.84,100.0,284.25
2018-08-10,28.2,25.55,82.62,2.83,540.0,947.67,408.09,100.0,278.42
2018-08-11,25.13,29.17,89.91,3.76,540.0,977.31,394.31,100.0,272.78
2018-08-12,27.48,26.11,94.73,2.11,540.0,936.84,371.16,100.0,274.44
2018-08-13,26.78,27.88,95.73,3.24,540.0,918.19,361.88,100.0,265.19
2018-08-14,27.83,26.66,83.96,1.97,540.0,932.15,367.82,100.0,265.39
2018-08-15,29.66,25.57,89.23,1.79,540.0,962.18,367.53,100.0,258.7
2018-08-16,27.91,23.98,89.27,1.28,540.0,977.22,449.49,100.0,300.0
2018-08-17,24.98,26.71,90.06,1.98,540.0,937.38,367.13,100.0,275.13
2018-08-18,28.36,28.43,87.41,2.76,540.0,905.53,378.13,100.0,272.54
2018-08-19,31.44,25.15,87.28,2.02,540.0,921.83,378.6,100.0,263.4
2018-08-20,28.68,26.11,89.48,2.31,540.0,911.78,406.08,100.0,282.5
2018-08-21,23.45,23.61,85.78,2.45,540.0,897.95,383.31,100.0,277.56
2018-08-22,26.49,24.76,90.09,0.97,540.0,892.2,381.33,100.0,272.25
2018-08-23,23.04,26.16,82.65,1.71,540.0,860.17,370.5,100.0,275.13
2018-08-24,23.93,26.64,81.85,1.23,540.0,890.78,376.08,100.0,271.94
2018-08-25,25.16,26.23,91.65,1.64,540.0,876.23,373.81,100.0,272.15
2018-08-26,24.52,22.23,96.25,0.7,540.0,850.81,349.98,100.0,272.73
2018-08-27,26.72,24.46,94.48,1.18,540.0,875.73,346.88,100.0,257.93
2018-08-28,29.07,23.57,87.93,0.94,540.0,862.22,363.35,100.0,255.69
2018-08-29,24.28,24.43,90.08,1.7,540.0,813.51,343.1,100.0,258.98
2018-08-30,22.06,24.6,81.98,1.75,540.0,820.91,357.6,100.0,260.87
2018-08-31,20.27,26.23,85.36,1.8,540.0,853.17,336.13,100.0,247.97
2018-09-01,26.29,24.95,83.59,2.06,540.0,799.56,319.17,100.0,256.83
2018-09-02,21.62,26.5,88.41,1.94,540.0,772.34,317.94,100.0,252.09
2018-09-03,21.41,23.19,88.58,1.97,540.0,796.08,344.58,100.0,247.89
2018-09-04,21.25,21.98,92.48,0.89,540.0,762.59,307.69,100.0,259.61
2018-09-05,21.93,26.16,82.06,2.15,540.0,779.07,380.44,100.0,267.05
2018-09-06,21.69,24.49,89.48,1.82,540.0,749.54,375.04,100.0,266.1
2018-09-07,19.64,22.59,84.72,0.35,540.0,720.06,348.25,100.0,268.41
2018-09-08,19.63,24.23,82.28,2.45,540.0,712.46,320.99,100.0,256.06
2018-09-09,18.43,24.69,82.48,2.34,540.0,675.77,312.18,100.0,257.88
2018-09-10,17.95,23.48,87.87,1.09,540.0,676.52,326.88,100.0,239.69
2018-09-11,17.61,22.07,80.6,0.78,540.0,705.93,336.28,100.0,255.97
2018-09-12,18.27,22.37,80.74,0.92,540.0,710.76,329.99,100.0,256.89
2018-09-13,16.71,23.33,71.66,1.23,540.0,653.27,288.22,100.0,251.65
2018-09-14,17.1,23.05,79.33,0.78,540.0,624.62,305.33,100.0,242.12
2018-09-15,15.7,24.44,79.76,1.25,540.0,676.45,326.57,100.0,252.47
2018-09-16,17.4,22.07,76.8,0.2,540.0,669.49,266.64,100.0,236.6
2018-09-17,15.74,20.9,75.26,1.04,540.0,646.99,287.4,100.0,247.61
2018-09-18,17.62,26.07,70.84,2.57,540.0,586.79,310.01,100.0,241.77
2018-09-19,14.45,22.33,75.52,2.21,540.0,624.43,297.92,100.0,251.34
2018-09-20,13.72,23.18,82.74,2.06,540.0,614.96,295.54,100.0,240.76
2018-09-21,15.3,22.58,71.69,1.38,540.0,613.16,322.7,100.0,256.24
2018-09-22,14.39,21.94,80.35,1.2,540.0,585.15,294.29,100.0,243.14
2018-09-23,13.01,21.18,80.14,1.69,540.0,548.2,279.41,100.0,241.64
2018-09-24,16.65,17.18,88.84,0.2,540.0,553.38,282.53,100.0,242.2
2018-09-25,12.66,19.65,80.59,0.83,540.0,584.32,286.89,100.0,251.05
2018-09-26,12.64,21.6,79.41,0.96,540.0,553.3,270.13,100.0,235.08
2018-09-27,16.42,16.89,79.74,0.2,540.0,507.62,274.6,100.0,236.05
2018-09-28,14.61,20.94,76.08,1.24,540.0,578.89,266.03,100.0,242.89
2018-09-29,11.35,21.69,77.7,1.17,540.0,550.07,276.93,100.0,248.72
2018-09-30,12.07,21.81,79.29,1.86,540.0,555.33,273.16,100.0,234.93
2018-10-01,10.68,21.32,74.31,0.92,540.0,532.61,283.81,100.0,245.97
2018-10-02,14.65,21.73,80.01,1.34,540.0,471.94,299.5,100.0,240.18
2018-10-03,14.37,22.57,85.76,2.21,540.0,496.85,277.26,100.0,243.91
2018-10-04,18.19,21.67,76.06,1.54,540.0,508.57,275.03,100.0,244.75
2018-10-05,20.53,20.19,77.3,0.58,540.0,467.46,270.63,100.0,234.97
2018-10-06,9.95,19.56,72.25,1.15,540.0,464.75,247.45,100.0,237.23
2018-10-07,12.69,19.8,73.93,2.2,540.0,503.78,283.77,100.0,239.27
2018-10-08,8.37,19.08,76.53,0.74,540.0,490.55,275.05,100.0,238.48
2018-10-09,10.71,21.04,72.09,1.74,540.0,511.73,268.39,100.0,238.91
2018-10-10,11.08,20.09,72.69,1.09,540.0,425.51,262.66,100.0,227.61
2018-10-11,8.29,18.53,70.04,0.92,540.0,382.03,254.81,100.0,222.3
2018-10-12,8.39,20.96,72.07,1.29,540.0,408.31,258.01,100.0,234.8
2018-10-13,11.87,18.41,70.02,0.24,540.0,433.76,274.36,100.0,232.9
2018-10-14,10.23,17.31,66.57,0.77,540.0,397.9,233.19,100.0,216.33
2018-10-15,14.67,18.58,74.42,0.2,540.0,410.51,275.73,100.0,243.91
2018-10-16,13.77,17.24,80.36,0.2,540.0,396.03,214.55,100.0,229.5
2018-10-17,6.42,19.76,67.36,2.13,540.0,434.22,264.86,100.0,241.04
2018-10-18,7.32,16.96,65.33,0.49,540.0,411.32,250.84,100.0,222.25
2018-10-19,6.47,17.94,76.29,0.2,540.0,361.89,220.12,100.0,221.92
2018-10-20,9.94,19.4,69.54,1.13,540.0,357.6,258.65,100.0,230.88
2018-10-21,8.38,16.8,73.07,0.2,540.0,340.98,198.64,100.0,207.81
2018-10-22,5.98,18.37,64.73,0.95,540.0,306.84,261.65,100.0,234.61
2018-10-23,5.97,16.18,68.12,0.2,540.0,328.3,276.87,100.0,238.42
2018-10-24,11.07,17.89,75.0,0.86,540.0,306.68,224.61,100.0,220.49
2018-10-25,6.24,18.26,67.67,0.85,540.0,364.84,215.44,100.0,226.09
2018-10-26,4.66,17.23,67.19,0.2,540.0,357.39,222.73,100.0,230.61
2018-10-27,5.08,17.24,60.62,0.92,540.0,319.8,247.58,100.0,227.23
2018-10-28,13.61,17.74,72.78,1.47,540.0,341.35,224.3,100.0,220.76
2018-10-29,9.35,16.55,64.95,0.2,540.0,357.12,173.86,100.0,204.09
2018-10-30,4.49,18.2,69.94,1.08,540.0,344.1,237.75,100.0,229.94
2018-10-31,6.58,18.82,66.72,1.16,540.0,374.76,252.05,100.0,233.25
2018-11-01,8.7,15.27,68.8,0.21,540.0,334.09,237.86,100.0,221.4
2018-11-02,9.02,19.2,69.49,1.42,540.0,353.85,243.52,100.0,227.29
2018-11-03,6.87,16.0,67.82,0.2,540.0,313.31,255.6,100.0,221.59
2018-11-04,4.41,19.35,71.02,1.03,540.0,305.29,217.62,100.0,208.87
2018-11-05,7.12,15.82,72.35,0.2,540.0,323.67,258.54,100.0,224.75
2018-11-06,6.15,17.22,60.26,0.32,540.0,314.08,219.23,100.0,218.63
2018-11-07,6.23,17.12,64.34,0.83,540.0,278.36,239.09,100.0,231.04
2018-11-08,5.58,15.4,68.45,0.2,540.0,268.72,211.88,100.0,212.55
2018-11-09,3.72,16.0,60.25,1.36,540.0,288.01,258.01,100.0,231.96
2018-11-10,3.84,17.96,57.04,0.77,540.0,231.65,221.4,100.0,222.62
2018-11-11,4.5,15.23,61.2,0.2,540.0,266.65,211.43,100.0,228.64
2018-11-12,4.99,15.0,63.89,0.64,540.0,245.97,185.94,100.0,210.09
2018-11-13,6.57,13.82,48.92,0.2,540.0,255.94,215.25,100.0,219.81
2018-11-14,11.94,17.82,61.52,0.25,540.0,262.35,195.42,100.0,208.51
2018-11-15,5.2,14.67,56.97,0.4,540.0,301.58,226.24,100.0,235.5
2018-11-16,6.29,17.11,68.23,1.15,540.0,294.87,229.34,100.0,228.99
2018-11-17,7.0,14.34,68.34,0.2,540.0,286.77,235.52,100.0,217.84
2018-11-18,6.39,16.92,64.57,0.26,540.0,274.17,223.36,100.0,232.2
2018-11-19,2.93,16.3,62.53,0.51,540.0,293.87,216.97,100.0,224.68
2018-11-20,8.67,14.68,66.96,0.2,540.0,294.79,241.81,100.0,229.28
2018-11-21,7.84,13.86,60.57,0.73,540.0,270.75,240.36,100.0,231.8
2018-11-22,4.54,13.92,68.11,0.2,540.0,302.3,195.08,100.0,220.59
2018-11-23,2.77,13.83,62.67,0.2,540.0,256.79,244.42,100.0,223.21
2018-11-24,4.2,16.37,65.65,0.46,540.0,267.62,235.28,100.0,222.82
2018-11-25,2.08,14.96,64.95,0.2,540.0,236.6,188.89,100.0,210.38
2018-11-26,9.04,12.99,66.84,0.2,540.0,242.09,169.12,100.0,195.62
2018-11-27,2.9,14.23,63.01,0.2,539.97,232.71,229.32,99.95,228.64
2018-11-28,3.4,14.36,62.77,0.65,540.0,265.72,214.27,100.0,216.87
2018-11-29,8.53,11.3,64.43,0.2,540.0,264.05,200.77,100.0,211.76
2018-11-30,7.88,14.16,65.39,0.2,540.0,236.83,212.06,100.0,213.59
2018-12-01,4.67,15.5,62.5,0.2,540.0,269.58,234.44,100.0,225.03
2018-12-02,9.65,14.16,62.02,0.2,540.0,310.34,176.22,100.0,207.67
2018-12-03,2.29,14.71,63.2,0.2,540.0,246.58,209.86,100.0,224.35
2018-12-04,4.58,15.02,62.62,0.59,540.0,238.21,207.3,100.0,223.73
2018-12-05,2.25,13.74,65.7,0.2,540.0,246.74,237.44,100.0,218.3
2018-12-06,7.0,15.32,54.95,0.2,540.0,284.16,229.8,100.0,227.01
2018-12-07,6.82,16.38,61.86,1.02,540.0,233.69,222.16,100.0,229.94
2018-12-08,9.92,11.88,61.33,0.2,540.0,302.4,207.35,100.0,215.02
2018-12-09,3.65,13.62,59.05,0.2,540.0,227.97,218.61,100.0,219.0
2018-12-10,11.66,17.61,65.28,0.2,540.0,273.71,202.54,100.0,212.25
2018-12-11,2.03,14.35,54.35,0.31,540.0,218.11,201.92,100.0,218.6
2018-12-12,3.48,14.02,61.23,0.2,540.0,231.49,217.79,100.0,221.94
2018-12-13,2.03,13.67,60.28,0.2,540.0,236.57,209.01,100.0,223.97
2018-12-14,4.01,15.95,55.99,0.88,540.0,248.88,215.71,100.0,218.48
2018-12-15,2.09,12.62,60.99,0.23,540.0,257.5,237.2,100.0,234.98
2018-12-16,6.82,15.41,58.3,0.2,540.0,216.36,197.75,100.0,217.68
2018-12-17,4.7,13.59,69.77,0.62,540.0,246.02,189.04,100.0,218.93
2018-12-18,1.85,12.88,64.8,0.2,540.0,201.46,185.28,100.0,205.32
2018-12-19,5.8,13.65,61.55,0.2,540.0,262.79,190.45,100.0,222.12
2018-12-20,8.88,13.93,60.65,0.87,540.0,280.93,248.16,100.0,225.79
2018-12-21,4.95,13.26,62.97,0.2,540.0,270.89,227.95,100.0,219.63
2018-12-22,1.58,15.68,61.89,0.83,540.0,265.65,235.87,100.0,222.98
2018-12-23,3.15,12.9,61.25,0.2,540.0,239.34,228.73,100.0,219.94
2018-12-24,5.33,14.23,56.6,0.53,540.0,247.61,208.59,100.0,230.23
2018-12-25,2.95,14.84,58.63,0.78,539.98,228.6,242.73,99.97,231.52
2018-12-26,1.84,14.24,59.47,0.56,540.0,224.75,196.18,100.0,216.46
2018-12-27,7.22,15.22,62.14,0.2,539.52,216.17,249.41,99.2,215.24
2018-12-28,2.85,13.43,60.97,0.2,539.98,241.18,215.87,99.97,228.25
2018-12-29,8.81,15.04,64.5,0.66,540.0,250.02,250.98,100.0,223.31
2018-12-30,2.45,15.1,64.34,0.34,540.0,263.28,196.72,100.0,212.91
2018-12-31,2.74,15.6,62.96,0.24,540.0,249.77,207.57,100.0,211.72
2019-01-01,2.27,11.35,61.52,0.2,540.0,252.63,185.11,100.0,211.11
2019-01-02,2.99,14.97,53.34,0.2,539.63,212.22,232.5,99.38,234.19
2019-01-03,4.47,15.59,63.52,0.64,540.0,259.47,224.37,100.0,215.31
2019-01-04,1.79,13.66,61.56,0.2,539.62,216.8,253.82,99.37,225.19
2019-01-05,1.62,13.49,57.25,0.2,539.12,169.82,197.36,98.53,211.63
2019-01-06,1.26,13.3,58.31,0.2,538.6,209.69,240.37,97.67,233.57
2019-01-07,1.21,12.84,58.58,0.2,538.53,231.0,219.05,97.55,212.68
2019-01-08,1.46,15.43,55.89,0.29,538.63,213.82,213.64,97.72,209.26
2019-01-09,2.37,17.9,50.28,1.05,538.3,164.15,202.93,97.17,211.02
2019-01-10,3.74,13.7,54.62,0.93,538.44,221.47,201.08,97.4,209.78
2019-01-11,4.31,13.88,55.64,0.2,538.56,224.14,226.55,97.6,210.93
2019-01-12,3.63,14.66,50.89,0.2,538.42,200.56,220.45,97.37,212.91
2019-01-13,8.08,12.28,56.81,0.2,539.36,249.56,192.82,98.93,196.18
2019-01-14,9.82,13.7,66.1,0.2,540.0,244.02,173.94,100.0,205.63
2019-01-15,2.78,14.72,60.37,0.2,539.75,197.06,211.59,99.58,208.43
2019-01-16,1.81,13.52,54.52,0.5,539.93,259.22,251.16,99.88,247.69
2019-01-17,11.83,16.72,58.7,1.3,540.0,259.34,233.14,100.0,228.74
2019-01-18,6.97,13.05,65.54,0.2,540.0,291.04,208.16,100.0,218.61
2019-01-19,6.63,16.41,64.3,0.2,540.0,226.48,189.84,100.0,214.64
2019-01-20,2.32,17.33,57.77,0.24,539.81,241.54,251.46,99.68,226.66
2019-01-21,5.74,15.77,64.04,0.2,540.0,280.32,201.92,100.0,213.84
2019-01-22,3.65,15.07,55.66,1.3,539.61,217.69,241.59,99.35,229.82
2019-01-23,3.18,15.72,59.26,0.2,539.97,260.3,245.0,99.95,221.73
2019-01-24,3.18,14.77,52.75,0.78,539.62,255.44,266.42,99.37,239.03
2019-01-25,4.61,12.45,58.47,0.2,540.0,240.54,219.76,100.0,235.31
2019-01-26,8.26,14.12,61.01,0.61,539.77,232.61,250.79,99.62,219.4
2019-01-27,12.49,15.66,55.4,0.2,539.09,234.71,261.18,98.48,234.51
2019-01-28,2.57,14.35,60.95,0.2,539.57,231.9,206.9,99.28,209.36
2019-01-29,3.79,15.22,61.85,0.2,539.95,258.69,241.2,99.92,232.12
2019-01-30,3.13,16.65,62.18,0.82,539.15,176.63,226.32,98.58,222.3
2019-01-31,4.42,16.24,68.12,0.87,539.41,228.52,214.54,99.02,230.18
2019-02-01,2.89,17.7,59.42,1.98,538.99,209.73,239.19,98.32,235.4
2019-02-02,2.17,16.65,57.54,0.49,539.13,201.78,210.25,98.55,204.64
2019-02-03,2.58,16.84,51.51,0.99,538.92,229.21,246.32,98.2,230.86
2019-02-04,2.35,15.34,59.86,0.72,537.58,186.6,276.69,95.97,235.72
2019-02-05,3.04,14.51,61.07,0.35,537.88,251.23,239.77,96.47,228.36
2019-02-06,1.52,15.99,52.38,1.53,538.07,241.84,241.5,96.78,224.5
2019-02-07,2.38,15.62,57.32,0.38,538.0,253.35,274.41,96.67,235.4
2019-02-08,4.4,16.56,58.87,0.43,537.07,209.13,265.6,95.12,218.09
2019-02-09,4.38,15.32,61.33,0.93,537.1,230.78,232.27,95.17,218.12
2019-02-10,3.94,18.29,61.59,1.13,536.8,247.65,261.9,94.67,221.75
2019-02-11,7.81,16.04,58.26,0.78,537.76,233.9,188.0,96.27,208.34
2019-02-12,4.52,16.7,59.72,0.6,537.76,226.48,226.84,96.27,214.96
2019-02-13,7.64,17.32,62.3,1.17,537.51,248.87,272.67,95.85,232.13
2019-02-14,12.52,19.15,60.71,0.78,537.65,253.82,242.81,96.08,224.54
2019-02-15,5.86,20.22,56.79,1.37,537.52,235.31,247.23,95.87,225.61
2019-02-16,1.55,20.44,59.56,0.25,536.78,192.61,227.35,94.63,207.42
2019-02-17,4.06,15.89,58.4,0.2,536.87,228.36,230.51,94.78,230.81
2019-02-18,3.69,17.37,53.76,1.45,536.85,186.21,196.97,94.75,205.32
2019-02-19,8.77,17.2,66.15,0.59,536.36,217.53,245.35,93.93,221.17
2019-02-20,3.15,18.73,53.64,0.86,536.13,270.5,270.89,93.55,224.14
2019-02-21,2.04,18.76,57.19,1.94,535.31,189.68,255.41,92.18,208.53
2019-02-22,2.5,17.54,59.44,0.92,535.49,244.71,243.11,92.48,218.68
2019-02-23,1.6,17.54,59.65,1.69,535.96,260.81,234.62,93.27,214.06
2019-02-24,11.24,17.17,62.51,1.1,535.15,194.99,246.87,91.92,219.42
2019-02-25,3.45,14.81,47.7,0.62,535.69,279.76,241.52,92.82,208.73
2019-02-26,1.68,16.97,55.34,1.75,535.62,232.54,246.69,92.7,212.38
2019-02-27,9.33,20.34,61.43,1.3,535.68,279.47,272.7,92.8,224.61
2019-02-28,10.39,21.37,59.96,1.25,535.91,266.49,251.77,93.18,217.54
2019-03-01,3.83,21.32,59.88,2.58,535.06,236.5,291.46,91.77,224.2
2019-03-02,1.58,20.79,61.23,1.91,534.13,172.5,236.25,90.22,208.59
2019-03-03,2.59,18.04,60.44,1.64,533.59,218.95,253.07,89.32,219.85
2019-03-04,3.01,17.92,55.76,1.5,533.07,253.88,288.43,88.45,221.53
2019-03-05,3.58,17.11,57.04,1.64,532.92,264.62,287.89,88.2,225.85
2019-03-06,1.85,19.08,64.49,0.83,531.69,188.12,273.97,86.15,208.23
2019-03-07,6.3,20.22,58.74,1.45,531.29,229.52,258.11,85.48,203.96
2019-03-08,1.26,18.71,57.57,1.1,530.43,217.98,281.85,84.05,208.95
2019-03-09,6.99,21.01,61.65,1.56,529.6,246.2,291.27,82.67,203.83
2019-03-10,7.98,21.47,64.88,0.89,529.12,245.28,285.14,81.87,205.35
2019-03-11,2.83,19.92,54.79,1.67,528.55,235.64,275.24,80.92,209.92
2019-03-12,3.41,18.76,57.06,1.62,527.94,256.59,291.58,79.9,213.39
2019-03-13,8.67,22.97,53.54,2.05,527.3,235.51,276.38,78.83,204.57
2019-03-14,5.33,21.09,58.06,1.32,526.78,250.77,289.27,77.97,198.64
2019-03-15,2.96,24.09,59.74,2.41,526.42,262.09,285.39,77.37,189.2
2019-03-16,3.18,21.45,56.97,2.3,526.18,225.63,249.21,76.97,201.23
2019-03-17,4.92,21.69,66.16,1.15,525.59,237.65,270.55,75.98,183.97
2019-03-18,10.82,20.14,62.49,2.58,524.11,236.56,324.66,73.52,206.56
2019-03-19,3.3,21.09,58.41,1.12,524.17,259.04,248.66,73.62,179.85
2019-03-20,3.01,19.52,57.85,1.11,523.18,257.05,319.14,71.97,183.9
2019-03-21,3.82,19.98,54.09,2.19,522.25,236.91,298.56,70.42,172.45
2019-03-22,3.86,23.25,58.29,2.8,521.69,257.25,290.75,69.48,188.72
2019-03-23,4.54,21.85,60.86,2.33,520.4,168.97,244.18,67.33,159.72
2019-03-24,3.67,21.78,58.72,1.59,519.76,261.37,292.58,66.27,163.8
2019-03-25,7.59,21.44,61.88,1.51,519.46,270.87,280.05,65.77,166.85
2019-03-26,2.43,22.11,56.11,1.67,518.21,234.29,314.21,63.68,171.88
2019-03-27,4.97,24.52,54.21,2.59,517.41,231.83,277.67,62.35,163.71
2019-03-28,5.11,23.18,59.32,2.46,516.75,249.72,289.09,61.25,163.51
2019-03-29,2.64,21.33,60.3,1.34,515.86,227.57,297.13,59.77,154.71
2019-03-30,5.05,24.78,58.78,1.81,514.92,228.26,280.33,58.2,153.07
2019-03-31,5.31,25.96,60.13,3.52,514.07,260.34,318.11,56.78,169.72
2019-04-01,1.79,24.25,61.65,2.37,513.51,268.73,295.17,55.85,143.75
2019-04-02,2.61,24.98,61.86,3.01,513.2,253.46,262.07,55.33,146.8
2019-04-03,9.77,25.61,64.99,2.55,513.45,330.13,315.07,55.75,147.46
2019-04-04,3.19,21.42,64.33,1.95,512.99,287.32,322.65,54.98,151.77
2019-04-05,2.56,26.84,60.54,4.31,512.11,271.26,333.71,53.52,161.48
2019-04-06,2.2,25.82,60.27,2.33,511.56,272.23,317.0,52.6,134.12
2019-04-07,2.79,25.04,67.22,2.1,510.48,258.49,327.78,50.8,161.09
2019-04-08,4.25,24.25,63.54,1.96,509.68,261.44,315.8,49.47,132.24
2019-04-09,2.74,22.56,57.06,3.23,509.13,254.45,286.56,48.55,120.03
2019-04-10,6.39,24.2,54.1,2.67,509.09,283.39,295.27,48.48,135.64
2019-04-11,3.31,25.5,59.11,3.3,508.84,253.45,261.22,48.07,125.61
2019-04-12,5.53,23.3,64.27,0.82,508.2,258.11,304.34,47.0,129.6
2019-04-13,9.56,24.98,66.86,2.68,507.69,306.06,329.69,46.15,140.94
2019-04-14,9.31,23.44,58.54,2.17,507.63,277.38,281.53,46.05,121.51
2019-04-15,5.72,24.76,64.78,3.19,506.33,266.02,338.01,43.88,136.78
2019-04-16,3.39,23.43,66.03,2.46,505.76,272.98,311.85,42.93,132.21
2019-04-17,5.08,23.4,64.78,1.95,506.12,311.67,302.5,43.53,116.58
2019-04-18,6.08,26.22,63.72,3.68,506.92,356.27,296.17,44.87,135.17
2019-04-19,16.06,24.96,66.07,3.34,505.82,280.24,350.34,43.03,138.31
2019-04-20,3.3,25.22,59.75,3.52,505.45,316.95,346.94,42.42,141.81
2019-04-21,5.49,25.12,65.81,2.94,505.36,310.37,314.91,42.27,125.5
2019-04-22,7.34,30.27,64.37,3.75,505.39,340.78,346.77,42.32,124.85
2019-04-23,6.06,27.22,61.32,3.33,505.53,330.99,323.17,42.55,136.19
2019-04-24,6.44,27.49,73.05,2.72,505.85,332.07,316.06,43.08,127.77
2019-04-25,4.74,25.37,56.98,2.99,505.62,314.65,313.08,42.7,138.87
2019-04-26,8.9,27.4,63.34,2.9,505.24,294.76,319.12,42.07,130.67
2019-04-27,6.4,26.42,60.67,2.95,504.83,300.06,317.17,41.38,123.72
2019-04-28,6.96,25.69,65.93,3.77,504.69,326.84,330.95,41.15,119.39
2019-04-29,9.74,29.87,56.65,4.17,504.37,341.64,364.66,40.62,128.9
2019-04-30,6.13,27.94,68.86,2.95,503.56,325.84,376.23,39.27,134.82
2019-05-01,11.01,27.97,69.96,2.59,504.58,392.56,317.14,40.97,112.43
2019-05-02,5.22,25.84,65.53,2.69,505.01,367.3,347.1,41.68,126.47
2019-05-03,7.87,25.49,64.6,3.06,504.58,296.72,332.0,40.97,114.02
2019-05-04,6.0,27.41,67.59,3.14,504.36,343.46,345.91,40.6,119.38
2019-05-05,5.9,26.74,66.42,2.92,504.43,324.24,323.87,40.72,119.21
2019-05-06,14.8,28.61,72.13,3.45,505.19,407.64,356.71,41.98,129.63
2019-05-07,6.13,28.81,64.52,3.71,505.28,310.01,304.02,42.13,125.91
2019-05-08,8.24,27.98,65.6,3.63,505.0,380.73,410.27,41.67,144.21
2019-05-09,6.45,29.22,69.78,3.83,505.44,378.36,348.48,42.4,140.84
2019-05-10,12.31,28.36,70.83,3.17,506.22,410.29,362.43,43.7,147.62
2019-05-11,7.93,26.85,66.53,2.9,507.25,391.56,323.02,45.42,141.99
2019-05-12,12.05,27.94,70.25,3.13,508.88,449.35,340.49,48.13,140.1
2019-05-13,10.68,28.53,69.02,3.59,510.35,429.25,322.34,50.58,146.57
2019-05-14,18.69,29.8,73.21,4.06,510.77,384.83,374.48,51.28,152.2
2019-05-15,7.61,28.83,72.52,3.11,512.3,463.39,335.24,53.83,156.31
2019-05-16,8.27,27.71,66.88,3.09,513.52,439.04,350.28,55.87,160.95
2019-05-17,12.96,30.1,67.1,3.36,515.22,475.83,356.95,58.7,161.9
2019-05-18,11.09,29.3,70.51,2.71,516.43,438.79,363.99,60.72,186.18
2019-05-19,10.08,31.12,66.56,3.41,517.54,411.87,324.86,62.57,183.76
2019-05-20,18.61,29.0,69.36,2.92,518.39,430.36,370.88,63.98,179.78
2019-05-21,11.05,27.38,74.69,2.52,520.11,498.36,388.98,66.85,199.56
2019-05-22,10.0,30.77,68.37,4.12,522.07,492.85,350.23,70.12,189.47
2019-05-23,14.79,28.21,64.98,2.82,523.69,470.0,359.42,72.82,202.32
2019-05-24,11.94,29.58,74.54,3.42,524.55,427.08,366.39,74.25,204.19
2019-05-25,12.39,29.48,69.86,3.94,526.63,517.54,372.66,77.72,213.19
2019-05-26,14.27,29.32,74.98,2.92,528.3,450.53,337.6,80.5,216.06
2019-05-27,14.69,29.06,77.5,2.94,530.93,569.7,389.58,84.88,226.34
2019-05-28,11.46,26.89,73.53,2.11,532.35,480.36,392.47,87.25,241.85
2019-05-29,12.75,27.92,65.09,2.8,534.28,524.7,399.11,90.47,283.27
2019-05-30,11.72,31.15,64.25,4.79,536.52,535.69,382.1,94.2,248.19
2019-05-31,14.76,30.16,71.18,3.91,538.89,546.58,387.57,98.15,267.38
2019-06-01,21.2,32.43,75.79,5.16,540.0,562.81,366.89,100.0,269.82
2019-06-02,13.03,28.05,79.12,2.52,540.0,567.38,356.99,100.0,263.36
2019-06-03,12.86,29.6,75.2,4.15,540.0,560.42,372.88,100.0,264.38
2019-06-04,14.06,31.43,84.69,3.2,540.0,576.47,421.89,100.0,292.23
2019-06-05,15.03,28.88,69.66,3.13,540.0,573.31,365.44,100.0,268.38
2019-06-06,17.83,29.03,77.43,4.55,540.0,594.27,387.79,100.0,270.15
2019-06-07,15.5,29.35,74.39,2.94,540.0,558.7,381.22,100.0,278.4
2019-06-08,17.38,29.15,78.17,3.99,540.0,624.93,375.98,100.0,267.03
2019-06-09,15.9,30.65,83.44,3.39,540.0,624.83,412.98,100.0,276.47
2019-06-10,16.78,27.21,85.32,1.95,540.0,658.48,419.96,100.0,288.95
2019-06-11,16.14,32.36,76.72,3.32,540.0,634.51,437.75,100.0,281.4
2019-06-12,16.15,28.48,81.36,2.98,540.0,665.59,372.91,100.0,282.04
2019-06-13,20.29,26.76,81.18,1.94,540.0,676.4,398.42,100.0,288.54
2019-06-14,17.68,29.94,74.26,3.36,540.0,669.38,390.76,100.0,279.29
2019-06-15,19.93,29.4,79.91,2.25,540.0,694.13,378.73,100.0,267.53
2019-06-16,17.8,29.71,77.12,3.54,540.0,661.8,374.01,100.0,262.61
2019-06-17,19.52,30.46,79.59,2.71,540.0,741.69,402.37,100.0,261.18
2019-06-18,17.61,30.96,75.74,3.69,540.0,697.59,382.78,100.0,284.21
2019-06-19,19.48,32.53,80.27,3.28,540.0,716.99,375.12,100.0,263.66
2019-06-20,19.26,28.96,82.08,3.64,540.0,701.35,394.5,100.0,279.14
2019-06-21,24.48,31.16,85.32,2.43,540.0,726.41,373.31,100.0,271.25
2019-06-22,19.36,31.06,81.94,3.42,540.0,793.64,395.82,100.0,265.38
2019-06-23,21.19,26.03,89.69,2.35,540.0,768.86,408.28,100.0,276.86
2019-06-24,22.62,28.73,91.89,2.86,540.0,770.08,398.12,100.0,269.9
2019-06-25,25.13,28.04,82.91,2.15,540.0,786.32,397.7,100.0,283.24
2019-06-26,24.88,30.63,87.73,2.41,540.0,801.46,440.86,100.0,297.41
2019-06-27,22.61,30.45,91.65,3.5,540.0,831.48,436.78,100.0,288.53
2019-06-28,23.21,30.47,87.6,3.18,540.0,828.19,409.42,100.0,275.56
2019-06-29,26.99,29.45,88.49,2.42,540.0,842.3,389.12,100.0,276.25
2019-06-30,23.47,29.58,77.07,3.74,540.0,817.64,421.42,100.0,293.06
2019-07-01,24.34,29.82,82.58,2.95,540.0,838.85,458.4,100.0,286.81
2019-07-02,28.01,29.24,84.98,2.68,540.0,864.94,438.56,100.0,300.0
2019-07-03,35.03,30.97,94.63,2.72,540.0,885.21,387.75,100.0,272.79
2019-07-04,25.38,28.17,83.3,2.41,540.0,878.92,408.3,100.0,280.26
2019-07-05,26.37,28.57,86.31,2.41,540.0,887.01,398.23,100.0,289.08
2019-07-06,27.6,29.89,90.26,3.18,540.0,921.37,398.94,100.0,277.7
2019-07-07,29.26,29.12,84.84,3.76,540.0,929.38,440.76,100.0,290.78
2019-07-08,28.86,27.97,89.38,1.86,540.0,937.94,441.0,100.0,285.2
2019-07-09,24.95,30.38,86.71,3.07,540.0,922.43,451.27,100.0,290.85
2019-07-10,27.0,28.68,91.08,2.61,540.0,871.46,421.04,100.0,280.24
2019-07-11,29.55,28.23,91.49,2.8,540.0,990.06,423.71,100.0,273.68
2019-07-12,31.37,29.18,91.92,3.28,540.0,938.67,419.98,100.0,270.28
2019-07-13,26.51,28.05,88.72,2.52,540.0,929.07,395.98,100.0,275.52
2019-07-14,27.71,29.29,81.42,2.81,540.0,946.25,443.37,100.0,282.69
2019-07-15,28.19,28.75,89.14,3.05,540.0,943.44,400.01,100.0,283.0
2019-07-16,27.4,28.46,88.66,1.89,540.0,932.94,404.36,100.0,278.28
2019-07-17,28.12,28.41,91.9,1.52,540.0,966.84,410.81,100.0,270.73
2019-07-18,43.95,30.6,92.89,4.41,540.0,978.69,356.49,100.0,275.13
2019-07-19,27.35,29.59,88.49,2.59,540.0,982.37,435.05,100.0,286.7
2019-07-20,27.62,26.41,89.74,1.95,540.0,923.64,389.16,100.0,278.56
2019-07-21,25.89,30.23,84.82,3.53,540.0,980.4,429.63,100.0,299.45
2019-07-22,25.91,29.61,83.3,3.33,540.0,957.62,402.66,100.0,279.05
2019-07-23,29.36,29.45,90.91,3.33,540.0,949.88,400.51,100.0,278.69
2019-07-24,31.34,30.02,94.07,3.4,540.0,976.71,390.65,100.0,285.49
2019-07-25,30.62,28.63,87.7,2.06,540.0,961.49,437.52,100.0,288.42
2019-07-26,26.91,29.46,87.62,3.62,540.0,967.51,442.04,100.0,299.44
2019-07-27,30.48,27.76,93.77,2.63,540.0,989.81,432.3,100.0,288.28
2019-07-28,28.07,29.64,92.64,3.07,540.0,973.07,414.24,100.0,284.19
2019-07-29,27.62,28.61,89.99,2.91,540.0,953.54,407.85,100.0,282.05
2019-07-30,26.46,26.13,91.0,0.94,540.0,930.09,422.47,100.0,283.06
2019-07-31,27.08,29.67,90.65,2.84,540.0,981.41,405.03,100.0,276.3
2019-08-01,29.59,27.83,92.9,1.94,540.0,957.98,429.49,100.0,283.33
2019-08-02,29.0,27.53,85.6,2.01,540.0,929.79,378.75,100.0,262.54
2019-08-03,28.56,27.17,97.46,1.87,540.0,1002.86,427.67,100.0,284.19
2019-08-04,25.86,27.19,89.76,2.77,540.0,977.73,429.05,100.0,285.9
2019-08-05,28.44,27.99,92.33,2.62,540.0,940.01,374.8,100.0,273.19
2019-08-06,26.89,26.06,86.27,2.4,540.0,945.76,379.9,100.0,271.33
2019-08-07,28.62,25.09,89.5,1.61,540.0,986.66,400.98,100.0,286.29
2019-08-08,31.61,25.75,92.68,2.1,540.0,958.47,405.16,100.0,287.31
2019-08-09,26.76,27.81,81.33,2.66,540.0,951.06,382.27,100.0,282.15
2019-08-10,27.69,26.89,85.51,2.88,540.0,976.07,399.25,100.0,276.77
2019-08-11,35.09,28.7,88.54,3.12,540.0,962.96,353.14,100.0,259.81
2019-08-12,27.8,26.82,83.89,2.52,540.0,993.08,413.31,100.0,273.13
2019-08-13,26.93,28.08,88.6,2.21,540.0,940.79,405.42,100.0,289.33
2019-08-14,25.45,25.66,87.91,2.16,540.0,930.79,417.11,100.0,275.84
2019-08-15,28.88,25.94,95.08,2.0,540.0,943.18,399.03,100.0,271.81
2019-08-16,24.87,26.49,83.02,2.44,540.0,946.12,379.6,100.0,273.46
2019-08-17,30.3,26.14,90.59,1.83,540.0,927.62,362.93,100.0,264.37
2019-08-18,27.73,25.89,85.05,1.84,540.0,920.43,364.87,100.0,277.28
2019-08-19,24.75,24.82,80.7,2.2,540.0,891.52,374.01,100.0,264.71
2019-08-20,24.2,23.63,89.92,1.03,540.0,875.15,355.38,100.0,264.31
2019-08-21,23.99,26.84,89.06,2.16,540.0,916.35,362.11,100.0,253.3
2019-08-22,22.9,26.55,88.08,2.54,540.0,901.57,373.49,100.0,278.54
2019-08-23,25.93,24.73,82.21,2.19,540.0,892.15,339.57,100.0,247.3
2019-08-24,22.27,26.09,85.77,1.62,540.0,876.09,348.56,100.0,279.33
2019-08-25,24.03,25.15,88.65,2.03,540.0,861.15,369.47,100.0,267.81
2019-08-26,23.62,26.93,89.2,3.32,540.0,853.98,368.33,100.0,266.25
2019-08-27,23.01,23.18,88.61,1.72,540.0,840.38,377.23,100.0,270.9
2019-08-28,24.51,24.83,89.88,1.62,540.0,842.36,362.29,100.0,258.8
2019-08-29,22.05,24.58,89.19,2.37,540.0,820.33,355.48,100.0,268.74
2019-08-30,23.16,25.01,85.47,3.04,540.0,827.27,367.61,100.0,265.17
2019-08-31,26.54,26.94,87.62,2.79,540.0,834.1,358.66,100.0,262.97
2019-09-01,23.63,24.32,89.05,0.79,540.0,773.81,325.34,100.0,263.45
2019-09-02,21.03,25.49,85.01,2.38,540.0,820.11,334.7,100.0,245.43
2019-09-03,21.5,24.02,88.67,2.27,540.0,783.31,377.67,100.0,269.89
2019-09-04,20.53,25.72,86.27,1.06,540.0,809.87,411.44,100.0,281.34
2019-09-05,20.5,25.11,80.19,2.59,540.0,788.32,357.56,100.0,265.77
2019-09-06,20.99,23.34,78.01,1.64,540.0,719.31,311.29,100.0,246.05
2019-09-07,18.28,23.1,82.08,2.22,540.0,733.4,370.52,100.0,266.73
2019-09-08,17.81,24.3,76.5,1.99,540.0,673.49,313.93,100.0,263.74
2019-09-09,18.06,22.46,81.99,1.58,540.0,699.17,333.86,100.0,260.69
2019-09-10,20.46,23.59,82.02,1.87,540.0,710.26,325.6,100.0,249.09
2019-09-11,20.55,22.63,87.34,1.64,540.0,714.43,329.34,100.0,260.31
2019-09-12,20.72,23.58,83.71,1.86,540.0,691.48,312.36,100.0,250.61
2019-09-13,16.76,22.65,84.05,0.94,540.0,691.73,346.16,100.0,266.34
2019-09-14,18.04,21.72,78.74,1.19,540.0,655.66,310.1,100.0,248.14
2019-09-15,16.75,24.28,85.29,1.76,540.0,659.42,325.61,100.0,248.89
2019-09-16,16.9,22.84,82.99,2.09,540.0,631.93,320.06,100.0,241.08
2019-09-17,16.06,22.26,80.72,1.64,540.0,638.95,306.09,100.0,256.34
2019-09-18,17.12,22.84,71.79,1.48,540.0,659.9,280.36,100.0,244.81
2019-09-19,14.99,19.56,83.62,0.2,540.0,611.59,285.69,100.0,244.22
2019-09-20,19.38,25.07,85.85,2.27,540.0,575.72,310.12,100.0,254.11
2019-09-21,19.1,21.83,79.41,1.09,540.0,611.26,306.39,100.0,257.03
2019-09-22,16.38,18.71,79.09,0.93,540.0,617.39,283.91,100.0,229.37
2019-09-23,17.89,23.31,75.87,1.77,540.0,570.99,293.17,100.0,244.71
2019-09-24,12.62,20.25,69.97,1.94,540.0,614.22,302.02,100.0,234.3
2019-09-25,18.05,22.81,75.4,1.32,540.0,559.23,300.3,100.0,243.66
2019-09-26,14.84,21.29,83.2,1.8,540.0,541.5,321.46,100.0,255.52
2019-09-27,12.52,18.61,80.5,0.98,540.0,503.07,232.71,100.0,222.25
2019-09-28,12.09,21.23,71.89,1.18,540.0,538.37,306.96,100.0,260.89
2019-09-29,18.5,20.98,75.05,0.8,540.0,579.89,292.41,100.0,241.85
2019-09-30,15.0,22.29,83.86,2.27,540.0,532.31,259.43,100.0,227.91
2019-10-01,12.12,21.21,70.16,1.0,540.0,494.06,276.7,100.0,239.07
2019-10-02,10.21,18.43,71.2,0.87,540.0,515.28,304.64,100.0,240.56
2019-10-03,15.93,21.66,73.41,1.64,540.0,522.43,310.82,100.0,243.66
2019-10-04,9.92,19.4,67.72,1.07,540.0,511.65,253.01,100.0,237.79
2019-10-05,10.61,22.47,70.11,2.15,540.0,438.79,244.68,100.0,235.49
2019-10-06,10.74,19.23,70.94,0.46,540.0,500.44,244.2,100.0,229.51
2019-10-07,9.55,19.31,68.68,1.98,540.0,460.16,267.85,100.0,240.27
2019-10-08,10.14,18.26,77.9,0.2,540.0,483.78,271.56,100.0,251.81
2019-10-09,10.27,18.62,67.62,0.8,540.0,438.91,278.12,100.0,238.89
2019-10-10,9.6,18.09,71.37,0.2,540.0,442.44,266.93,100.0,229.64
2019-10-11,10.56,20.87,67.74,1.96,540.0,398.76,268.63,100.0,240.0
2019-10-12,15.27,16.98,73.22,1.24,540.0,451.11,230.1,100.0,229.73
2019-10-13,7.44,20.06,66.07,2.29,540.0,390.23,283.0,100.0,247.4
2019-10-14,9.47,19.97,70.67,1.69,540.0,417.69,277.26,100.0,247.03
2019-10-15,7.24,20.67,70.32,1.12,540.0,391.65,236.09,100.0,232.77
2019-10-16,6.73,18.54,74.85,0.64,540.0,389.43,229.87,100.0,227.45
2019-10-17,11.19,16.81,68.96,0.22,540.0,407.7,262.57,100.0,238.76
2019-10-18,8.85,17.97,76.27,0.2,540.0,369.54,209.98,100.0,220.29
2019-10-19,6.09,19.0,64.93,0.9,540.0,396.35,229.85,100.0,212.67
2019-10-20,7.5,18.12,67.81,1.2,540.0,354.78,217.09,100.0,207.67
2019-10-21,6.27,18.42,75.02,0.2,540.0,363.43,236.34,100.0,218.51
2019-10-22,7.2,19.8,79.32,0.2,540.0,403.59,234.78,100.0,231.12
2019-10-23,9.2,18.51,75.42,0.2,540.0,349.62,219.22,100.0,217.32
2019-10-24,8.69,17.82,67.57,1.09,540.0,345.14,215.97,100.0,220.3
2019-10-25,6.28,14.64,70.31,0.2,540.0,345.0,220.24,100.0,231.66
2019-10-26,9.77,16.12,71.72,0.2,540.0,335.37,207.18,100.0,224.11
2019-10-27,11.21,16.58,70.61,0.2,540.0,321.64,239.2,100.0,211.59
2019-10-28,8.46,14.11,64.63,0.2,540.0,393.72,261.13,100.0,238.95
2019-10-29,5.42,15.31,67.83,0.2,540.0,323.7,235.59,100.0,226.04
2019-10-30,6.02,16.46,64.57,0.63,540.0,292.34,249.98,100.0,225.67
2019-10-31,11.67,16.6,64.74,0.38,540.0,326.63,210.14,100.0,215.18
2019-11-01,5.4,17.41,64.43,0.2,540.0,327.31,211.58,100.0,215.74
2019-11-02,7.41,16.25,67.9,0.73,540.0,308.78,232.14,100.0,215.35
2019-11-03,4.53,16.83,69.14,0.2,540.0,308.71,234.26,100.0,226.93
2019-11-04,8.6,15.73,65.89,0.6,540.0,307.42,222.48,100.0,236.67
2019-11-05,4.17,16.32,64.47,0.97,540.0,307.72,221.28,100.0,228.16
2019-11-06,5.27,16.84,68.11,1.59,540.0,315.0,201.13,100.0,200.39
2019-11-07,6.74,18.28,65.16,0.49,540.0,286.39,164.55,100.0,204.87
2019-11-08,11.99,15.21,69.25,0.2,540.0,365.71,240.42,100.0,229.23
2019-11-09,5.67,16.11,65.08,0.35,540.0,320.23,241.72,100.0,220.65
2019-11-10,4.54,17.1,64.66,0.57,540.0,292.66,208.87,100.0,208.59
2019-11-11,4.32,13.56,60.35,0.25,540.0,256.41,200.78,100.0,220.75
2019-11-12,7.64,18.63,64.81,1.22,540.0,291.83,203.64,100.0,216.12
2019-11-13,5.96,17.32,69.6,0.32,540.0,297.91,209.92,100.0,214.06
2019-11-14,6.51,12.9,65.96,0.2,540.0,297.76,237.24,100.0,230.39
2019-11-15,9.77,15.95,62.19,0.84,540.0,237.67,189.14,100.0,225.55
2019-11-16,4.73,14.47,69.71,0.2,540.0,285.98,227.74,100.0,224.93
2019-11-17,5.47,14.64,66.8,0.2,540.0,266.14,201.67,100.0,216.79
2019-11-18,3.79,15.69,65.86,0.47,540.0,310.71,178.21,100.0,207.07
2019-11-19,3.1,16.67,65.04,0.2,540.0,269.57,204.85,100.0,213.03
2019-11-20,3.28,14.33,58.22,0.2,539.6,197.71,233.55,99.33,229.42
2019-11-21,2.0,14.28,64.69,0.6,540.0,258.43,196.0,100.0,211.58
2019-11-22,5.6,15.45,68.6,0.2,540.0,199.52,195.98,100.0,216.42
2019-11-23,5.24,15.69,60.8,0.2,540.0,260.73,209.94,100.0,227.91
2019-11-24,5.44,13.26,55.7,0.35,540.0,316.85,222.03,100.0,226.5
2019-11-25,2.71,17.3,62.45,0.6,540.0,284.26,243.95,100.0,219.41
2019-11-26,3.0,13.69,62.21,0.2,540.0,257.37,193.13,100.0,202.68
2019-11-27,2.92,16.05,55.03,0.8,540.0,229.21,204.92,100.0,224.57
2019-11-28,7.31,15.23,65.54,0.2,540.0,280.0,227.46,100.0,222.25
2019-11-29,4.36,15.41,63.9,0.2,540.0,261.5,195.21,100.0,214.5
2019-11-30,4.0,13.52,56.23,0.2,540.0,240.22,207.76,100.0,211.16
2019-12-01,5.95,11.83,70.84,0.2,540.0,237.41,225.53,100.0,226.72
2019-12-02,2.75,14.34,64.16,0.28,540.0,227.24,194.0,100.0,225.5
2019-12-03,4.67,14.3,54.28,0.2,540.0,254.39,205.05,100.0,216.9
2019-12-04,11.39,12.86,68.14,0.2,540.0,245.22,184.17,100.0,213.67
2019-12-05,7.79,15.63,65.66,0.24,540.0,265.31,229.24,100.0,232.32
2019-12-06,4.55,14.15,67.23,0.5,540.0,281.51,216.0,100.0,231.11
2019-12-07,3.89,12.98,59.07,0.2,540.0,248.57,199.5,100.0,209.3
2019-12-08,4.95,15.04,64.62,0.37,540.0,275.69,206.05,100.0,219.05
2019-12-09,8.38,15.05,61.63,0.21,540.0,284.83,213.56,100.0,227.49
2019-12-10,7.98,13.04,60.72,0.2,540.0,264.01,217.48,100.0,230.71
2019-12-11,9.25,15.94,59.05,1.43,540.0,278.72,200.13,100.0,211.29
2019-12-12,4.16,17.44,52.33,0.82,540.0,271.33,200.81,100.0,209.78
2019-12-13,10.69,12.42,66.16,0.2,540.0,270.48,207.12,100.0,215.42
2019-12-14,2.25,13.76,59.05,0.2,540.0,280.85,217.2,100.0,217.49
2019-12-15,5.57,14.53,50.26,0.64,540.0,295.96,248.83,100.0,227.94
2019-12-16,3.59,17.44,59.75,0.88,540.0,267.74,196.7,100.0,216.04
2019-12-17,2.89,12.91,65.09,0.2,540.0,239.2,175.71,100.0,202.63
2019-12-18,9.16,12.59,57.78,0.2,540.0,237.13,236.76,100.0,236.93
2019-12-19,4.36,12.58,58.18,0.87,540.0,241.19,192.14,100.0,208.86
2019-12-20,3.52,15.83,61.43,0.52,540.0,264.6,242.91,100.0,223.78
2019-12-21,4.65,12.94,50.69,0.2,539.79,229.23,233.49,99.65,216.1
2019-12-22,1.14,12.73,57.4,0.2,539.61,213.77,217.56,99.35,227.42
2019-12-23,2.34,14.36,60.86,0.2,539.62,239.99,235.31,99.37,215.26
2019-12-24,2.54,14.48,57.22,0.2,540.0,225.71,172.64,100.0,208.63
2019-12-25,5.09,15.64,54.9,0.48,540.0,264.54,188.47,100.0,215.38
2019-12-26,1.88,14.18,54.2,0.31,539.41,166.49,206.94,99.02,194.18
2019-12-27,3.88,14.44,53.42,0.51,539.74,232.34,203.86,99.57,205.48
2019-12-28,3.25,13.92,57.2,0.2,540.0,218.36,194.27,100.0,209.73
2019-12-29,2.37,12.14,64.1,0.2,540.0,248.31,231.11,100.0,237.47
2019-12-30,2.46,13.82,68.81,0.2,539.86,216.72,215.87,99.77,216.22
2019-12-31,3.21,14.24,59.65,0.2,539.49,211.33,231.42,99.15,219.13
2020-01-01,1.18,13.51,61.15,0.2,540.0,243.36,208.34,100.0,211.64
2020-01-02,5.47,11.86,56.53,0.2,540.0,255.49,217.82,100.0,214.58
2020-01-03,2.02,12.54,50.34,0.2,539.55,220.52,244.26,99.25,222.5
2020-01-04,2.82,14.22,65.94,0.2,539.91,221.57,188.54,99.85,205.56
2020-01-05,8.77,15.71,58.09,0.2,540.0,264.2,219.47,100.0,215.46
2020-01-06,5.53,16.87,61.7,1.1,540.0,268.37,204.95,100.0,210.79
2020-01-07,1.63,14.12,58.73,0.2,540.0,259.04,255.57,100.0,229.39
2020-01-08,4.64,13.36,63.51,0.2,539.47,227.38,265.66,99.12,240.15
2020-01-09,2.89,13.92,62.49,0.2,539.2,221.1,221.46,98.67,210.7
2020-01-10,3.81,12.96,60.44,0.2,539.8,270.54,235.2,99.67,220.34
2020-01-11,5.41,15.76,60.69,0.2,540.0,244.68,220.07,100.0,217.02
2020-01-12,5.98,17.84,63.6,1.12,540.0,217.87,215.97,100.0,219.34
2020-01-13,2.55,13.65,57.0,0.2,540.0,230.4,223.07,100.0,216.28
2020-01-14,3.12,12.96,65.3,0.2,540.0,235.56,195.92,100.0,227.43
2020-01-15,4.29,16.31,55.72,0.69,539.84,231.56,236.23,99.73,229.41
2020-01-16,4.48,15.34,59.23,0.52,540.0,225.42,203.14,100.0,222.04
2020-01-17,3.78,15.43,61.14,0.5,540.0,259.97,221.71,100.0,222.86
2020-01-18,8.13,17.38,53.27,1.23,540.0,251.35,228.93,100.0,233.33
2020-01-19,4.45,13.01,65.16,0.2,540.0,296.61,220.59,100.0,212.82
2020-01-20,5.36,13.04,61.9,0.2,540.0,274.13,245.21,100.0,224.83
2020-01-21,3.99,14.96,72.09,0.2,540.0,244.63,220.12,100.0,214.96
2020-01-22,1.78,15.37,66.21,0.22,540.0,273.45,256.08,100.0,231.02
2020-01-23,2.22,14.82,58.19,0.62,540.0,237.4,212.76,100.0,229.4
2020-01-24,1.6,19.12,63.85,2.1,540.0,284.48,234.75,100.0,240.77
2020-01-25,6.44,15.04,63.27,0.38,540.0,217.89,207.5,100.0,223.31
2020-01-26,1.34,14.76,58.86,0.36,539.73,232.86,251.69,99.55,229.23
2020-01-27,3.04,15.86,51.66,1.27,539.52,208.55,223.04,99.2,227.92
2020-01-28,2.64,17.21,52.05,1.19,539.43,214.72,219.92,99.05,229.18
2020-01-29,2.6,14.76,58.49,0.2,539.48,217.33,228.54,99.13,229.94
2020-01-30,2.74,15.71,56.28,0.2,539.78,250.87,236.07,99.63,224.14
2020-01-31,9.17,17.52,61.2,1.71,539.61,237.71,245.3,99.35,226.72
2020-02-01,1.17,17.7,62.55,0.44,538.61,168.06,238.44,97.68,217.4
2020-02-02,7.48,16.54,63.41,0.77,538.71,239.64,236.28,97.85,219.94
2020-02-03,2.89,19.93,54.33,1.11,538.32,213.44,235.53,97.2,214.55
2020-02-04,5.74,19.38,62.14,1.87,539.02,231.59,177.83,98.37,203.71
2020-02-05,3.52,14.39,55.41,0.2,539.55,262.36,236.48,99.25,224.3
2020-02-06,1.69,14.07,53.88,0.2,538.54,200.87,265.86,97.57,224.35
2020-02-07,7.96,17.9,61.35,0.77,537.85,204.55,247.73,96.42,241.21
2020-02-08,7.16,18.86,55.98,1.54,537.65,200.6,217.67,96.08,214.5
2020-02-09,1.76,16.58,55.21,0.82,537.43,226.1,236.17,95.72,226.49
2020-02-10,4.89,16.27,63.12,0.88,536.96,195.77,228.41,94.93,221.93
2020-02-11,2.3,15.9,60.88,0.73,535.95,198.89,263.2,93.25,234.39
2020-02-12,1.39,15.49,56.54,0.57,534.99,222.82,265.75,91.65,211.95
2020-02-13,2.05,19.06,50.75,1.82,534.96,228.28,232.56,91.6,204.5
2020-02-14,7.67,16.89,57.23,1.11,534.39,207.16,246.21,90.65,197.79
2020-02-15,5.85,18.03,66.9,0.55,534.6,240.56,229.35,91.0,194.87
2020-02-16,2.79,14.96,62.72,0.2,534.28,235.15,239.68,90.47,201.14
2020-02-17,7.7,19.32,65.23,1.9,534.28,256.04,244.56,90.47,208.58
2020-02-18,6.83,18.81,60.4,1.49,534.19,224.24,238.56,90.32,206.92
2020-02-19,2.07,16.03,56.93,0.75,534.49,290.97,270.95,90.82,240.36
2020-02-20,8.97,18.56,63.99,0.57,533.32,217.96,280.68,88.87,220.47
2020-02-21,2.67,18.3,63.09,0.2,532.96,230.71,255.42,88.27,215.21
2020-02-22,2.9,17.74,56.33,0.85,532.94,251.63,239.69,88.23,204.81
2020-02-23,1.23,14.18,55.84,0.2,532.42,232.84,263.16,87.37,199.63
2020-02-24,2.32,17.67,52.03,0.95,532.21,251.58,267.03,87.02,211.29
2020-02-25,3.12,19.24,55.05,1.83,531.61,213.41,254.37,86.02,192.3
2020-02-26,4.14,18.09,61.47,1.69,530.22,192.96,293.29,83.7,208.41
2020-02-27,1.76,18.71,55.32,1.82,529.11,183.82,260.65,81.85,201.47
2020-02-28,2.17,21.42,60.82,1.48,528.97,268.08,280.92,81.62,197.82
2020-02-29,9.15,19.18,68.47,1.26,529.03,227.1,219.48,81.72,186.89
2020-03-01,6.6,16.28,60.6,0.26,528.75,236.22,247.47,81.25,187.96
2020-03-02,7.41,19.28,59.91,0.35,528.83,290.84,286.23,81.38,195.13
2020-03-03,3.34,19.84,60.42,1.36,528.36,236.22,274.47,80.6,201.5
2020-03-04,4.27,18.59,56.73,1.83,528.27,252.69,264.72,80.45,202.49
2020-03-05,5.08,21.06,56.07,1.67,527.37,219.97,277.48,78.95,202.77
2020-03-06,9.11,17.9,58.81,1.38,526.3,217.22,287.57,77.17,192.69
2020-03-07,1.51,20.02,53.08,1.33,526.43,288.07,271.23,77.38,175.38
2020-03-08,2.56,18.15,62.3,1.26,526.83,287.42,269.15,78.05,192.06
2020-03-09,4.08,20.05,56.81,1.44,526.88,265.33,274.2,78.13,201.81
2020-03-10,3.72,21.69,62.67,2.55,526.51,262.61,289.89,77.52,186.51
2020-03-11,2.28,20.52,60.18,1.42,525.99,246.16,267.03,76.65,200.5
2020-03-12,4.89,20.57,59.07,1.35,524.9,214.56,291.81,74.83,176.13
2020-03-13,2.69,21.08,61.43,2.41,524.64,240.87,270.07,74.4,186.97
2020-03-14,3.62,21.29,54.8,1.64,523.81,220.64,266.48,73.02,186.28
2020-03-15,4.81,22.35,55.69,2.27,521.68,170.63,318.1,69.47,195.69
2020-03-16,2.81,22.5,60.89,1.76,521.69,264.62,261.58,69.48,175.32
2020-03-17,5.82,23.72,50.17,3.14,521.09,252.44,301.07,68.48,177.01
2020-03-18,6.52,21.98,59.9,2.6,520.45,212.24,244.26,67.42,165.1
2020-03-19,2.47,19.37,61.44,0.91,519.44,234.83,297.92,65.73,167.92
2020-03-20,2.82,23.29,63.38,2.44,518.08,267.48,344.47,63.47,164.16
2020-03-21,2.22,24.16,63.78,2.7,517.12,244.09,309.23,61.87,165.21
2020-03-22,3.75,25.97,57.36,3.08,515.47,195.6,308.54,59.12,164.25
2020-03-23,4.53,24.59,61.78,3.31,514.33,205.19,282.26,57.22,158.59
2020-03-24,3.16,21.81,55.86,2.79,513.77,283.71,315.75,56.28,152.74
2020-03-25,4.52,22.97,57.6,1.84,512.89,242.34,296.62,54.82,159.55
2020-03-26,2.96,22.42,64.48,2.52,511.81,269.08,337.11,53.02,151.91
2020-03-27,3.04,22.35,59.01,2.32,512.05,288.22,278.25,53.42,146.06
2020-03-28,4.83,22.93,60.46,2.29,510.59,232.09,316.64,50.98,149.98
2020-03-29,3.22,25.16,54.48,2.79,509.75,253.32,305.54,49.58,140.07
2020-03-30,3.91,20.99,61.94,0.9,508.43,195.28,270.92,47.38,128.28
2020-03-31,5.05,22.0,63.53,1.99,507.51,233.57,290.33,45.85,139.98
2020-04-01,4.75,25.47,62.37,2.9,507.45,266.88,269.68,45.75,113.46
2020-04-02,3.27,25.96,54.01,4.12,507.85,246.24,234.18,46.42,120.91
2020-04-03,7.5,22.92,65.58,1.68,507.61,270.3,279.96,46.02,114.81
2020-04-04,5.75,26.52,55.93,2.4,507.52,286.36,299.45,45.87,118.08
2020-04-05,4.91,25.64,59.88,2.27,506.84,278.12,308.45,44.73,129.38
2020-04-06,2.75,23.91,53.3,3.42,506.67,270.46,280.32,44.45,120.78
2020-04-07,4.71,20.79,60.91,1.4,506.21,270.61,301.03,43.68,140.82
2020-04-08,3.42,22.07,56.85,2.74,505.34,246.51,309.29,42.23,122.72
2020-04-09,5.83,23.71,59.68,2.39,504.45,239.22,292.74,40.75,126.65
2020-04-10,4.15,25.97,60.51,2.44,504.41,296.53,292.04,40.68,118.81
2020-04-11,3.76,26.1,63.53,3.87,503.94,285.68,298.18,39.9,109.33
2020-04-12,7.0,24.39,65.35,3.05,502.7,251.48,335.18,37.83,106.48
2020-04-13,2.74,24.86,51.14,2.84,502.54,273.49,277.97,37.57,100.25
2020-04-14,5.08,25.29,64.16,3.15,501.24,237.72,330.97,35.4,115.09
2020-04-15,6.49,25.13,63.05,2.7,500.17,266.23,340.2,33.62,121.27
2020-04-16,11.9,25.83,62.1,3.06,500.2,306.59,312.54,33.67,100.03
2020-04-17,4.36,25.66,58.02,3.81,499.61,297.56,328.22,32.68,112.25
2020-04-18,6.12,23.32,62.86,1.43,499.57,301.52,304.69,32.62,101.83
2020-04-19,3.32,25.64,62.39,2.61,498.88,275.98,322.51,31.47,95.5
2020-04-20,5.54,26.04,63.92,2.86,497.45,271.73,361.71,29.08,105.05
2020-04-21,9.25,27.67,62.8,3.45,497.12,320.84,350.63,28.53,111.08
2020-04-22,12.6,25.06,55.79,2.22,497.71,355.15,320.92,29.52,97.94
2020-04-23,6.93,26.73,61.32,3.55,498.36,330.48,301.53,30.6,104.17
2020-04-24,4.01,27.38,57.39,2.8,498.36,316.26,320.52,30.6,102.95
2020-04-25,10.48,26.42,73.41,2.03,498.91,361.92,339.3,31.52,107.43
2020-04-26,4.28,24.13,63.83,2.24,498.59,305.22,340.35,30.98,98.57
2020-04-27,4.69,28.38,65.64,4.32,498.69,342.99,329.96,31.15,106.66
2020-04-28,11.33,28.1,68.16,4.5,497.7,311.93,363.76,29.5,93.55
2020-04-29,6.55,27.43,65.35,3.39,497.73,320.47,330.51,29.55,102.27
2020-04-30,5.81,27.25,62.4,3.07,497.8,321.73,321.06,29.67,108.42
2020-05-01,8.89,24.62,64.12,2.56,497.76,338.38,344.06,29.6,114.18
2020-05-02,7.56,28.56,56.71,3.86,497.96,371.96,353.1,29.93,96.14
2020-05-03,10.54,29.73,66.42,4.42,498.01,318.92,316.36,30.02,102.08
2020-05-04,8.02,25.93,67.4,2.1,498.5,342.59,316.85,30.83,95.9
2020-05-05,8.25,29.71,65.18,4.32,499.5,370.78,307.46,32.5,104.2
2020-05-06,10.92,29.49,67.3,2.89,500.15,386.79,337.35,33.58,123.08
2020-05-07,7.89,26.17,61.9,2.7,499.93,334.92,360.09,33.22,118.02
2020-05-08,6.84,27.38,65.0,3.14,499.98,356.16,352.66,33.3,106.5
2020-05-09,10.54,25.97,65.7,2.98,499.75,340.64,359.86,32.92,106.2
2020-05-10,8.11,28.06,69.59,3.18,500.46,371.19,329.24,34.1,109.78
2020-05-11,9.59,28.91,67.67,3.53,501.28,380.27,340.77,35.47,114.92
2020-05-12,6.92,26.35,64.88,2.91,502.76,407.0,310.26,37.93,116.28
2020-05-13,9.07,28.99,67.1,2.72,502.52,345.62,359.63,37.53,111.33
2020-05-14,8.61,29.45,63.5,4.0,503.37,421.16,377.96,38.95,141.77
2020-05-15,7.59,29.55,66.14,4.06,504.52,396.4,326.33,40.87,138.89
2020-05-16,9.83,29.33,70.99,4.12,504.89,406.25,381.92,41.48,137.72
2020-05-17,10.14,26.88,64.43,3.96,506.36,449.59,351.45,43.93,129.03
2020-05-18,11.41,28.62,69.75,3.52,508.06,468.17,337.49,46.77,134.78
2020-05-19,14.3,29.4,68.16,4.26,509.3,432.88,347.75,48.83,139.03
2020-05-20,13.85,31.13,65.38,4.08,510.29,448.46,369.17,50.48,146.07
2020-05-21,10.46,29.01,77.7,2.45,511.53,463.0,357.87,52.55,151.53
2020-05-22,12.01,29.71,75.91,3.88,513.17,464.13,347.71,55.28,163.2
2020-05-23,13.14,27.74,69.79,3.46,514.24,453.75,369.7,57.07,169.62
2020-05-24,11.33,27.46,70.64,3.0,515.87,490.26,377.14,59.78,187.27
2020-05-25,10.46,27.33,63.65,3.14,517.65,475.39,357.84,62.75,168.71
2020-05-26,12.29,28.68,65.95,3.68,519.86,503.64,358.51,66.43,181.82
2020-05-27,16.71,32.46,68.69,4.14,522.74,557.9,362.94,71.23,186.08
2020-05-28,11.32,28.82,72.26,3.51,524.64,516.19,377.21,74.4,211.97
2020-05-29,12.06,30.02,72.12,3.13,527.21,507.76,334.33,78.68,221.01
2020-05-30,12.59,30.35,74.27,3.2,529.69,530.0,354.51,82.82,221.23
2020-05-31,12.69,27.93,76.68,2.27,532.51,547.49,369.14,87.52,249.03
2020-06-01,16.41,28.96,76.51,4.32,535.31,546.56,356.45,92.18,251.39
2020-06-02,13.75,30.59,69.77,3.84,537.7,547.49,377.4,96.17,268.23
2020-06-03,17.14,30.33,77.08,4.12,539.97,535.31,373.7,99.95,273.97
2020-06-04,15.6,26.73,79.04,2.01,540.0,604.5,430.35,100.0,300.0
2020-06-05,13.72,30.65,73.11,3.63,540.0,575.14,361.01,100.0,264.51
2020-06-06,15.38,28.97,68.85,3.7,540.0,639.61,385.57,100.0,278.6
2020-06-07,19.4,29.04,82.8,3.76,540.0,610.13,362.11,100.0,279.18
2020-06-08,17.17,30.46,77.35,3.24,540.0,613.79,420.44,100.0,277.83
2020-06-09,16.5,32.16,65.37,4.13,540.0,623.7,417.0,100.0,282.38
2020-06-10,21.24,29.6,87.65,2.62,540.0,658.64,356.67,100.0,268.54
2020-06-11,16.18,31.69,75.04,3.86,540.0,641.9,382.03,100.0,266.65
2020-06-12,17.1,27.78,88.5,2.03,540.0,650.4,387.1,100.0,267.98
2020-06-13,21.03,30.15,81.35,2.63,540.0,696.43,386.25,100.0,288.23
2020-06-14,20.64,29.16,79.4,3.29,540.0,669.46,379.08,100.0,266.03
2020-06-15,17.46,30.4,79.54,3.8,540.0,709.97,409.98,100.0,279.07
2020-06-16,20.68,29.54,77.74,2.73,540.0,731.54,433.27,100.0,290.62
2020-06-17,18.71,27.98,80.73,2.49,540.0,737.49,414.25,100.0,286.01
2020-06-18,17.95,28.67,88.24,2.72,540.0,729.05,413.8,100.0,279.04
2020-06-19,19.89,27.54,77.94,3.65,540.0,684.2,382.36,100.0,271.31
2020-06-20,28.08,28.04,87.01,1.23,540.0,723.28,415.31,100.0,276.33
2020-06-21,24.15,30.72,79.84,3.76,540.0,732.41,416.25,100.0,279.77
2020-06-22,21.39,29.61,81.48,3.55,540.0,768.26,391.46,100.0,280.56
2020-06-23,19.79,30.33,89.41,2.79,540.0,788.51,398.93,100.0,284.43
2020-06-24,19.91,32.7,83.15,3.76,540.0,764.96,368.14,100.0,275.33
2020-06-25,22.54,29.52,86.23,3.21,540.0,788.46,375.68,100.0,270.59
2020-06-26,23.73,30.9,83.79,3.45,540.0,816.01,397.74,100.0,276.33
2020-06-27,24.97,29.97,95.26,3.73,540.0,786.36,380.1,100.0,262.89
2020-06-28,24.88,34.05,79.6,4.43,540.0,805.59,419.99,100.0,282.36
2020-06-29,25.45,25.36,80.1,2.62,540.0,870.9,410.02,100.0,282.86
2020-06-30,24.58,28.79,91.96,2.91,540.0,827.8,416.87,100.0,291.46
2020-07-01,27.87,30.82,84.57,3.76,540.0,872.36,387.96,100.0,261.03
2020-07-02,23.53,28.68,86.81,2.43,540.0,898.53,441.73,100.0,289.47
2020-07-03,24.83,30.63,92.13,3.24,540.0,843.83,416.78,100.0,267.96
2020-07-04,22.92,29.65,86.65,3.03,540.0,847.39,415.04,100.0,272.03
2020-07-05,24.28,31.01,94.16,2.82,540.0,874.36,429.34,100.0,297.07
2020-07-06,28.39,27.97,88.48,3.05,540.0,888.06,418.23,100.0,275.17
2020-07-07,27.45,29.89,84.3,2.19,540.0,881.81,390.03,100.0,275.99
2020-07-08,23.69,30.29,76.22,4.21,540.0,950.33,432.49,100.0,296.05
2020-07-09,33.98,29.74,91.25,1.84,540.0,937.03,401.56,100.0,275.65
2020-07-10,26.77,29.72,78.35,3.25,540.0,912.05,417.12,100.0,275.36
2020-07-11,27.01,31.25,88.34,3.88,540.0,900.21,394.99,100.0,277.66
2020-07-12,25.72,26.87,93.79,1.56,540.0,934.21,448.11,100.0,300.0
2020-07-13,26.21,29.53,87.39,3.22,540.0,954.75,430.64,100.0,295.22
2020-07-14,27.48,27.47,89.44,2.59,540.0,983.13,440.94,100.0,289.84
2020-07-15,28.82,30.36,92.1,3.24,540.0,945.8,399.28,100.0,274.3
2020-07-16,28.23,27.91,91.7,2.3,540.0,943.05,419.29,100.0,292.72
2020-07-17,26.63,25.4,93.86,1.55,540.0,929.19,414.29,100.0,272.79
2020-07-18,26.27,30.21,87.62,2.39,540.0,965.73,417.41,100.0,290.58
2020-07-19,26.31,28.57,79.27,2.96,540.0,982.54,378.2,100.0,267.72
2020-07-20,31.14,29.44,94.71,3.23,540.0,918.42,445.83,100.0,282.73
2020-07-21,30.72,30.98,88.47,3.11,540.0,970.97,412.86,100.0,270.19
2020-07-22,29.33,29.32,85.9,2.8,540.0,949.66,419.66,100.0,296.19
2020-07-23,31.35,28.94,91.72,3.53,540.0,950.84,382.69,100.0,271.46
2020-07-24,27.97,28.54,89.92,2.61,540.0,1031.0,449.45,100.0,288.05
2020-07-25,30.63,26.81,87.78,2.5,540.0,1010.96,443.92,100.0,292.23
2020-07-26,29.68,28.13,84.88,3.0,540.0,972.64,426.82,100.0,283.04
2020-07-27,30.78,31.33,91.38,3.26,540.0,986.48,416.4,100.0,279.93
2020-07-28,26.71,27.72,85.57,2.95,540.0,975.3,455.11,100.0,292.65
2020-07-29,28.94,27.97,90.24,3.03,540.0,956.51,424.36,100.0,286.31
2020-07-30,27.63,30.0,90.13,3.5,540.0,965.92,377.9,100.0,276.64
2020-07-31,32.18,25.71,95.6,2.32,540.0,1002.36,414.28,100.0,272.31
2020-08-01,30.93,28.86,98.0,1.48,540.0,967.91,415.39,100.0,292.82
2020-08-02,29.02,25.45,91.44,1.28,540.0,996.14,409.14,100.0,274.75
2020-08-03,26.72,28.34,86.96,2.47,540.0,965.55,412.99,100.0,284.39
2020-08-04,25.91,27.61,95.15,1.9,540.0,945.4,426.39,100.0,286.5
2020-08-05,26.94,28.46,92.81,2.22,540.0,994.47,400.22,100.0,272.85
2020-08-06,29.69,25.93,91.09,2.44,540.0,907.1,382.34,100.0,280.71
2020-08-07,27.06,26.54,90.06,2.24,540.0,999.32,381.11,100.0,266.81
2020-08-08,28.85,28.24,89.36,2.56,540.0,980.28,361.69,100.0,276.06
2020-08-09,28.87,26.37,90.39,2.02,540.0,961.61,388.99,100.0,279.57
2020-08-10,29.11,28.16,88.81,2.43,540.0,946.1,378.39,100.0,266.25
2020-08-11,24.97,27.24,83.85,2.42,540.0,936.99,385.46,100.0,265.37
2020-08-12,25.69,26.14,88.3,2.83,540.0,945.32,378.16,100.0,278.87
2020-08-13,28.0,26.23,96.09,1.04,540.0,939.55,366.52,100.0,259.69
2020-08-14,31.57,26.6,87.0,2.93,540.0,911.09,371.73,100.0,268.42
2020-08-15,29.88,26.15,88.52,3.28,540.0,933.58,395.38,100.0,281.82
2020-08-16,26.9,27.46,84.33,3.22,540.0,936.83,373.9,100.0,273.3
2020-08-17,29.93,25.69,94.14,1.35,540.0,924.81,378.02,100.0,269.95
2020-08-18,26.44,25.27,91.43,1.58,540.0,980.79,431.07,100.0,283.3
2020-08-19,23.51,27.38,81.05,3.18,540.0,903.35,398.05,100.0,282.86
2020-08-20,27.01,25.26,79.98,2.04,540.0,852.63,372.48,100.0,256.43
2020-08-21,28.64,24.96,92.11,1.47,540.0,868.68,374.53,100.0,272.07
2020-08-22,31.47,21.92,85.18,1.12,540.0,908.25,360.02,100.0,256.52
2020-08-23,23.45,23.96,89.86,0.98,540.0,861.92,357.85,100.0,258.76
2020-08-24,22.5,24.14,83.4,1.72,540.0,847.47,357.51,100.0,267.37
2020-08-25,26.29,24.46,89.98,1.06,540.0,899.85,371.98,100.0,264.19
2020-08-26,24.67,24.07,88.27,1.98,540.0,856.52,361.47,100.0,274.16
2020-08-27,24.12,26.5,83.21,1.96,540.0,819.02,333.13,100.0,261.9
2020-08-28,27.07,23.73,83.67,1.7,540.0,764.04,358.34,100.0,260.17
2020-08-29,25.09,23.71,88.51,1.3,540.0,846.22,346.24,100.0,259.59
2020-08-30,23.74,24.87,82.36,2.19,540.0,820.22,391.22,100.0,267.89
2020-08-31,21.26,22.85,88.98,1.7,540.0,840.0,379.7,100.0,275.22
2020-09-01,23.85,26.72,80.88,2.65,540.0,772.7,310.35,100.0,260.62
2020-09-02,19.74,25.45,84.14,1.74,540.0,771.94,337.37,100.0,249.96
2020-09-03,21.84,22.36,82.74,1.08,540.0,776.4,374.24,100.0,271.48
2020-09-04,20.76,25.5,82.73,3.32,540.0,788.37,356.1,100.0,266.6
2020-09-05,18.48,25.68,78.73,2.78,540.0,751.73,338.1,100.0,249.81
2020-09-06,21.21,21.99,82.79,1.16,540.0,716.06,283.44,100.0,233.95
2020-09-07,18.8,21.83,72.12,1.26,540.0,757.35,330.76,100.0,243.54
2020-09-08,20.47,22.52,79.35,0.78,540.0,707.54,330.83,100.0,260.15
2020-09-09,17.65,21.18,79.29,1.73,540.0,707.49,284.48,100.0,238.82
2020-09-10,21.22,22.0,82.31,0.93,540.0,718.73,338.54,100.0,253.62
2020-09-11,24.32,22.43,88.64,1.73,540.0,736.61,313.9,100.0,265.24
2020-09-12,16.41,23.65,76.91,2.27,540.0,695.51,326.79,100.0,242.31
2020-09-13,16.3,22.88,85.31,2.09,540.0,736.9,328.61,100.0,264.5
2020-09-14,15.62,22.4,75.84,1.95,540.0,659.34,308.23,100.0,233.89
2020-09-15,16.72,21.76,75.24,1.33,540.0,654.35,327.43,100.0,251.48
2020-09-16,17.74,20.38,72.71,1.17,540.0,613.67,310.13,100.0,237.69
2020-09-17,18.32,23.09,81.85,1.58,540.0,632.95,360.73,100.0,260.08
2020-09-18,16.78,22.92,78.95,1.48,540.0,625.82,339.93,100.0,255.36
2020-09-19,17.56,21.01,81.44,0.25,540.0,640.42,285.34,100.0,236.65
2020-09-20,15.36,20.14,78.9,0.2,540.0,616.04,324.7,100.0,256.0
2020-09-21,14.12,23.99,76.44,2.33,540.0,578.85,279.69,100.0,245.95
2020-09-22,13.37,21.89,77.69,1.3,540.0,583.47,270.68,100.0,236.12
2020-09-23,14.18,21.98,85.21,1.67,540.0,549.12,258.54,100.0,235.27
2020-09-24,12.76,21.9,73.91,1.32,540.0,565.08,282.36,100.0,251.59
2020-09-25,14.75,19.3,85.34,0.51,540.0,529.56,303.38,100.0,242.52
2020-09-26,12.16,23.22,78.07,2.18,540.0,498.71,280.88,100.0,246.51
2020-09-27,12.41,20.23,76.87,1.78,540.0,497.22,286.74,100.0,259.74
2020-09-28,16.19,21.93,78.37,1.22,540.0,492.75,210.45,100.0,230.27
2020-09-29,16.31,22.75,62.92,1.55,540.0,508.13,271.82,100.0,248.68
2020-09-30,15.87,20.55,74.89,1.75,540.0,495.57,252.58,100.0,236.19
2020-10-01,12.03,18.52,72.08,0.57,540.0,509.72,243.27,100.0,236.17
2020-10-02,10.86,16.42,83.12,0.2,540.0,491.83,247.24,100.0,226.0
2020-10-03,12.84,19.97,72.78,0.86,540.0,503.11,273.57,100.0,237.27
2020-10-04,9.89,20.27,72.51,0.78,540.0,483.55,281.52,100.0,239.01
2020-10-05,13.05,18.89,73.87,1.14,540.0,455.53,245.11,100.0,224.06
2020-10-06,9.67,19.83,66.95,0.53,540.0,485.18,278.72,100.0,240.52
2020-10-07,10.09,20.14,69.77,1.24,540.0,424.12,273.29,100.0,234.07
2020-10-08,12.36,20.86,75.72,1.32,540.0,466.18,269.05,100.0,236.82
2020-10-09,7.9,18.89,62.49,0.8,540.0,436.36,240.03,100.0,217.4
2020-10-10,8.73,19.04,72.31,1.63,540.0,410.42,242.57,100.0,224.15
2020-10-11,10.46,18.71,68.01,1.34,540.0,444.64,263.43,100.0,243.79
2020-10-12,10.84,18.9,76.67,0.45,540.0,426.52,239.08,100.0,228.13
2020-10-13,10.12,17.96,72.81,0.5,540.0,377.22,258.18,100.0,242.24
2020-10-14,8.43,17.82,64.29,1.22,540.0,409.28,227.16,100.0,218.7
2020-10-15,11.13,17.79,69.56,0.65,540.0,408.44,256.08,100.0,230.48
2020-10-16,6.95,18.59,70.9,1.47,540.0,414.39,266.78,100.0,237.16
2020-10-17,6.71,16.96,68.03,0.73,540.0,392.82,248.54,100.0,228.44
2020-10-18,8.95,17.43,70.36,0.62,540.0,388.45,223.56,100.0,212.02
2020-10-19,6.26,20.7,67.42,1.52,540.0,353.34,204.82,100.0,219.73
2020-10-20,13.74,19.22,74.18,2.4,540.0,359.26,215.51,100.0,212.3
2020-10-21,6.5,16.32,70.23,0.2,540.0,353.54,245.9,100.0,228.88
2020-10-22,9.73,18.94,68.57,0.38,540.0,320.89,226.5,100.0,207.81
2020-10-23,5.42,18.46,67.04,0.73,540.0,383.67,227.41,100.0,218.48
2020-10-24,11.78,17.25,65.33,1.3,540.0,328.77,238.54,100.0,225.71
2020-10-25,6.9,16.24,73.68,0.2,540.0,349.04,193.32,100.0,216.0
2020-10-26,5.65,15.95,79.04,0.2,540.0,329.33,224.26,100.0,213.36
2020-10-27,5.98,17.41,65.36,0.44,540.0,322.39,205.77,100.0,209.83
2020-10-28,5.15,15.7,66.86,1.23,540.0,341.71,203.25,100.0,227.61
2020-10-29,5.84,18.51,69.96,0.79,540.0,292.72,212.09,100.0,231.85
2020-10-30,4.42,18.83,69.08,0.3,540.0,316.74,274.91,100.0,241.87
2020-10-31,5.0,16.59,66.47,0.81,540.0,313.11,237.07,100.0,235.07
2020-11-01,8.2,18.26,62.45,1.77,540.0,282.89,196.8,100.0,210.42
2020-11-02,6.26,15.84,73.39,0.2,540.0,324.21,249.36,100.0,234.64
2020-11-03,4.12,15.28,67.98,0.26,540.0,330.33,199.47,100.0,218.27
2020-11-04,5.17,17.91,65.59,0.84,540.0,345.53,257.8,100.0,226.18
2020-11-05,9.09,18.53,63.02,1.28,540.0,292.56,201.46,100.0,216.06
2020-11-06,4.49,19.01,63.99,0.85,540.0,295.69,221.35,100.0,219.0
2020-11-07,3.61,16.48,56.74,0.98,540.0,290.81,259.75,100.0,235.97
2020-11-08,6.54,17.18,67.75,0.93,540.0,302.95,212.48,100.0,214.48
2020-11-09,2.81,16.27,67.35,0.65,540.0,324.24,259.08,100.0,223.0
2020-11-10,4.43,17.82,64.35,0.2,540.0,283.33,214.41,100.0,218.96
2020-11-11,8.94,16.28,61.7,0.2,540.0,289.29,214.69,100.0,224.75
2020-11-12,4.38,16.76,65.23,0.2,540.0,248.55,192.3,100.0,217.56
2020-11-13,7.4,13.76,68.53,0.2,540.0,326.83,249.72,100.0,217.75
2020-11-14,3.01,15.04,60.12,0.49,540.0,262.44,201.64,100.0,216.02
2020-11-15,4.09,16.53,66.67,0.2,539.42,205.74,240.9,99.03,230.26
2020-11-16,3.86,16.32,64.86,0.55,539.78,205.74,190.0,99.63,211.29
2020-11-17,5.69,16.51,62.21,0.98,540.0,271.45,203.09,100.0,221.26
2020-11-18,4.55,15.28,60.85,0.58,540.0,225.59,225.2,100.0,212.43
2020-11-19,9.05,14.05,64.4,0.2,540.0,267.15,209.01,100.0,209.09
2020-11-20,3.35,14.87,58.58,0.2,540.0,226.03,210.61,100.0,221.75
2020-11-21,4.36,14.97,63.75,0.2,540.0,270.66,185.21,100.0,207.03
2020-11-22,3.58,15.2,64.44,0.99,540.0,272.66,213.77,100.0,226.85
2020-11-23,4.1,13.32,67.53,0.2,540.0,261.17,217.15,100.0,221.87
2020-11-24,3.87,14.32,63.54,0.2,539.75,230.07,239.46,99.58,219.8
2020-11-25,2.61,14.53,63.23,0.6,540.0,267.31,200.91,100.0,207.89
2020-11-26,6.1,11.24,62.87,0.2,540.0,237.24,212.66,100.0,205.14
2020-11-27,2.8,15.8,57.65,1.07,540.0,240.4,230.55,100.0,228.84
2020-11-28,2.68,14.75,59.58,0.2,540.0,229.28,205.51,100.0,215.17
2020-11-29,1.9,14.86,66.57,0.2,540.0,231.39,226.69,100.0,229.2
2020-11-30,2.88,13.64,64.05,0.2,540.0,284.57,262.92,100.0,236.22
2020-12-01,2.65,15.25,62.47,1.25,540.0,231.44,205.61,100.0,216.82
2020-12-02,1.59,13.08,53.71,0.2,539.64,197.23,226.41,99.4,227.24
2020-12-03,3.32,13.28,62.76,0.2,539.69,205.39,211.53,99.48,216.26
2020-12-04,8.21,15.2,57.48,0.2,539.76,231.97,222.45,99.6,218.33
2020-12-05,1.82,14.76,55.26,0.2,539.83,216.75,217.22,99.72,219.2
2020-12-06,3.62,12.28,57.08,0.39,540.0,261.38,231.26,100.0,230.14
2020-12-07,3.17,16.53,57.04,0.81,539.79,204.25,221.51,99.65,213.86
2020-12-08,5.28,13.0,65.29,0.2,540.0,239.36,205.52,100.0,222.46
2020-12-09,5.5,13.91,62.6,0.2,540.0,262.82,199.49,100.0,214.49
2020-12-10,12.05,16.71,59.62,0.55,540.0,237.75,215.55,100.0,216.52
2020-12-11,4.17,10.98,59.57,0.2,540.0,264.96,182.27,100.0,209.81
2020-12-12,2.24,11.49,62.89,0.2,540.0,251.12,221.85,100.0,229.47
2020-12-13,2.54,14.7,62.77,0.54,540.0,246.6,223.96,100.0,230.09
2020-12-14,2.67,10.31,61.82,0.2,540.0,255.33,207.04,100.0,219.22
2020-12-15,2.4,10.95,56.33,0.2,539.68,180.31,200.52,99.47,217.77
2020-12-16,9.28,15.77,60.51,0.2,540.0,264.75,230.84,100.0,224.42
2020-12-17,5.22,13.39,70.71,0.2,539.55,191.74,216.9,99.25,214.12
2020-12-18,4.69,17.29,54.91,1.47,539.93,270.74,232.67,99.88,227.59
2020-12-19,1.87,12.45,61.52,0.2,540.0,251.67,227.16,100.0,219.79
2020-12-20,5.31,13.52,69.5,0.2,540.0,257.08,214.92,100.0,211.82
2020-12-21,6.76,14.82,60.06,1.14,540.0,281.37,216.52,100.0,216.56
2020-12-22,2.99,14.72,66.96,0.2,540.0,266.83,223.47,100.0,210.26
2020-12-23,2.41,13.64,56.91,0.61,540.0,253.76,242.55,100.0,219.21
2020-12-24,8.28,13.06,54.24,0.2,540.0,236.13,216.54,100.0,233.73
2020-12-25,2.22,14.39,56.95,0.2,539.68,229.36,236.79,99.47,232.86
2020-12-26,2.09,16.13,55.62,1.1,540.0,251.79,173.85,100.0,204.14
2020-12-27,1.91,15.22,52.13,0.86,540.0,240.21,219.68,100.0,224.19
2020-12-28,3.24,13.15,58.25,0.2,540.0,237.61,215.0,100.0,212.38
2020-12-29,3.97,12.64,64.29,0.2,540.0,221.64,178.14,100.0,211.83
2020-12-30,6.12,13.11,58.63,0.27,540.0,218.99,181.28,100.0,210.03
2020-12-31,4.73,12.27,59.16,0.2,539.69,198.55,218.28,99.48,214.16
2021-01-01,4.62,14.4,64.67,0.3,540.0,252.39,219.27,100.0,218.14
2021-01-02,7.3,15.43,56.96,0.2,540.0,238.25,231.37,100.0,221.54
2021-01-03,1.78,14.13,60.61,0.2,540.0,233.13,163.42,100.0,208.42
2021-01-04,1.4,16.85,50.34,1.1,539.31,186.43,230.32,98.85,221.15
2021-01-05,4.82,16.97,54.65,1.14,539.36,234.21,238.23,98.93,213.35
2021-01-06,3.07,14.81,57.61,0.33,539.7,195.33,183.81,99.5,204.97
2021-01-07,6.07,15.44,64.31,0.2,539.11,216.58,243.45,98.52,219.76
2021-01-08,3.25,13.08,55.41,0.41,539.02,249.62,256.69,98.37,218.78
2021-01-09,2.25,13.94,54.71,0.2,539.58,232.74,192.33,99.3,205.14
2021-01-10,4.86,16.44,59.8,0.66,539.63,228.59,221.2,99.38,204.73
2021-01-11,3.51,13.71,60.72,0.2,539.67,213.77,221.47,99.45,213.54
2021-01-12,3.25,16.86,53.81,0.49,539.98,213.74,182.24,99.97,209.83
2021-01-13,13.23,16.36,60.01,1.1,540.0,283.03,222.69,100.0,224.68
2021-01-14,6.94,15.87,64.08,0.2,539.94,270.4,256.2,99.9,235.58
2021-01-15,5.27,13.04,55.2,0.7,540.0,240.01,207.09,100.0,223.19
2021-01-16,3.59,14.4,60.22,0.2,539.79,249.06,262.97,99.65,242.04
2021-01-17,3.39,15.89,56.26,0.7,539.96,258.11,235.88,99.93,218.43
2021-01-18,2.74,13.51,64.4,0.2,540.0,246.1,211.65,100.0,208.32
2021-01-19,3.82,14.78,61.17,0.2,539.96,229.56,226.68,99.93,222.95
2021-01-20,2.43,16.26,61.38,0.81,539.72,181.37,190.07,99.53,214.0
2021-01-21,1.6,14.35,55.96,0.55,539.44,221.66,234.75,99.07,217.7
2021-01-22,3.23,14.01,62.17,0.2,539.46,219.89,222.89,99.1,221.69
2021-01-23,4.02,12.65,62.8,0.2,540.0,275.69,227.41,100.0,235.77
2021-01-24,6.08,14.85,61.86,0.2,540.0,295.18,210.77,100.0,208.32
2021-01-25,2.01,16.67,56.49,0.2,540.0,243.28,231.13,100.0,224.25
2021-01-26,3.41,14.28,59.56,0.2,539.75,213.2,233.2,99.58,231.33
2021-01-27,4.65,15.7,51.58,1.69,540.0,249.39,207.98,100.0,215.39
2021-01-28,4.58,15.42,66.09,0.2,539.11,190.86,249.11,98.52,229.92
2021-01-29,8.81,14.84,58.52,1.25,538.81,224.39,238.96,98.02,229.2
2021-01-30,2.78,17.19,56.49,0.84,538.39,198.29,213.41,97.32,211.33
2021-01-31,1.92,18.49,51.84,1.4,538.6,250.35,237.18,97.67,214.15
2021-02-01,3.56,17.62,60.74,1.13,538.03,204.59,249.87,96.72,222.97
2021-02-02,2.87,15.17,60.64,0.2,537.44,224.97,264.5,95.73,218.57
2021-02-03,2.57,19.3,55.99,1.51,536.4,221.08,269.19,94.0,220.28
2021-02-04,2.37,17.91,48.19,0.43,535.54,220.83,274.36,92.57,225.85
2021-02-05,4.04,15.82,56.0,0.2,535.46,213.15,211.53,92.43,204.89
2021-02-06,2.19,15.44,60.08,0.2,535.72,231.22,227.6,92.87,216.27
2021-02-07,5.28,18.39,59.61,1.42,535.46,195.33,209.35,92.43,204.6
2021-02-08,5.13,17.07,58.78,0.2,535.3,274.3,272.0,92.17,215.76
2021-02-09,4.29,15.64,57.38,1.14,534.84,208.07,237.76,91.4,202.49
2021-02-10,1.8,16.8,51.44,1.08,534.32,231.37,270.94,90.53,221.94
2021-02-11,3.94,16.52,62.57,0.98,534.74,248.85,220.95,91.23,205.84
2021-02-12,6.36,16.01,54.1,0.31,534.87,252.06,236.98,91.45,207.99
2021-02-13,5.54,18.88,57.88,0.67,535.09,255.08,236.24,91.82,212.2
2021-02-14,5.05,18.64,54.46,1.1,534.09,197.15,269.28,90.15,211.34
2021-02-15,3.41,18.84,61.88,1.64,533.4,216.66,262.45,89.0,194.81
2021-02-16,3.32,18.93,60.2,2.23,534.07,242.06,212.67,90.12,206.89
2021-02-17,7.05,16.44,58.71,0.85,534.16,251.86,246.41,90.27,214.33
2021-02-18,4.03,17.03,61.55,0.2,533.83,268.92,278.49,89.72,217.47
2021-02-19,4.07,20.24,51.9,1.27,533.01,223.15,275.73,88.35,208.16
2021-02-20,15.83,18.33,62.86,0.2,532.48,233.33,264.27,87.47,207.85
2021-02-21,2.79,16.09,54.45,0.57,531.98,241.52,261.87,86.63,194.86
2021-02-22,1.16,18.74,61.36,0.96,532.78,302.34,249.79,87.97,207.0
2021-02-23,3.05,19.52,59.31,1.28,532.63,281.9,287.76,87.72,203.04
2021-02-24,3.16,19.45,60.52,0.76,532.67,238.81,236.98,87.78,202.9
2021-02-25,4.02,17.38,56.71,0.31,533.25,256.38,232.36,88.75,197.77
2021-02-26,4.63,21.74,60.88,1.91,532.46,213.02,263.27,87.43,207.95
2021-02-27,1.23,16.79,53.6,1.08,532.49,251.44,257.05,87.48,199.33
2021-02-28,4.7,19.34,54.84,0.85,531.31,195.88,273.08,85.52,218.4
2021-03-01,3.31,21.9,56.75,2.26,530.79,239.66,275.9,84.65,209.37
2021-03-02,2.91,20.32,54.07,2.18,530.06,254.62,303.64,83.43,207.14
2021-03-03,1.42,20.81,59.96,0.49,529.23,216.01,272.82,82.05,199.38
2021-03-04,8.09,18.11,58.75,1.8,528.58,250.67,292.15,80.97,214.83
2021-03-05,2.67,20.34,53.54,2.08,528.26,218.25,250.1,80.43,184.6
2021-03-06,5.21,19.9,54.22,2.08,527.68,243.13,286.12,79.47,191.04
2021-03-07,2.14,18.4,61.13,0.51,527.06,222.5,264.29,78.43,182.87
2021-03-08,4.22,21.52,48.12,2.58,527.05,259.73,266.55,78.42,186.75
2021-03-09,3.01,19.13,54.54,1.85,526.29,199.78,250.41,77.15,195.24
2021-03-10,5.15,19.44,65.02,0.83,525.04,210.25,301.9,75.07,189.65
2021-03-11,2.98,21.28,56.67,2.26,524.66,264.99,280.15,74.43,183.86
2021-03-12,2.15,20.55,60.87,1.49,523.7,171.19,251.46,72.83,177.82
2021-03-13,3.53,21.16,60.15,1.43,522.62,215.88,288.51,71.03,181.5
2021-03-14,3.44,20.73,57.84,1.6,521.87,229.39,269.18,69.78,181.3
2021-03-15,4.15,23.29,51.55,2.61,521.58,240.54,264.69,69.3,178.21
2021-03-16,6.23,19.92,54.8,1.43,520.04,225.36,337.43,66.73,186.15
2021-03-17,6.06,20.75,54.49,1.41,519.33,215.84,254.78,65.55,160.99
2021-03-18,1.91,22.31,59.74,2.23,518.45,272.5,325.75,64.08,182.06
2021-03-19,5.19,20.24,62.51,1.71,518.54,271.44,273.06,64.23,158.49
2021-03-20,5.31,20.31,56.42,1.71,517.7,237.98,297.75,62.83,160.53
2021-03-21,2.85,22.21,58.15,1.25,516.43,197.82,278.15,60.72,154.98
2021-03-22,2.46,23.44,58.06,2.08,515.52,245.04,302.96,59.2,167.97
2021-03-23,2.43,23.77,58.32,2.02,515.08,243.35,261.31,58.47,143.85
2021-03-24,3.97,22.55,56.04,3.07,514.41,220.81,256.44,57.35,142.25
2021-03-25,5.65,21.54,66.71,1.69,512.57,189.81,298.16,54.28,149.59
2021-03-26,3.57,23.1,61.66,2.04,512.2,233.75,254.75,53.67,138.32
2021-03-27,1.64,23.67,58.4,2.14,512.07,259.13,271.72,53.45,138.87
2021-03-28,2.96,23.35,56.76,2.32,511.56,264.52,295.04,52.6,147.46
2021-03-29,2.95,24.95,55.12,3.21,511.25,239.67,268.14,52.08,134.74
2021-03-30,5.2,21.71,62.03,0.9,510.5,225.33,269.45,50.83,143.12
2021-03-31,5.39,22.32,58.55,2.19,509.89,263.1,291.13,49.82,139.24
2021-04-01,4.43,25.15,59.86,2.49,509.58,221.73,250.35,49.3,136.27
2021-04-02,6.57,21.43,53.82,2.21,508.94,223.06,267.11,48.23,124.45
2021-04-03,6.89,22.97,59.08,2.62,508.07,262.08,328.65,46.78,136.63
2021-04-04,3.35,22.81,59.52,1.82,507.62,301.1,327.71,46.03,122.57
2021-04-05,2.92,21.7,64.11,1.07,506.97,299.25,354.45,44.95,147.3
2021-04-06,4.18,23.89,56.53,2.37,505.57,227.53,311.13,42.62,141.67
2021-04-07,4.73,25.43,54.16,3.63,504.29,247.88,329.16,40.48,121.78
2021-04-08,3.51,24.67,61.76,2.98,504.47,315.6,305.68,40.78,123.4
2021-04-09,19.48,25.77,65.92,2.53,503.81,264.75,303.55,39.68,118.9
2021-04-10,8.94,26.49,55.0,2.91,503.92,333.56,326.68,39.87,113.01
2021-04-11,3.58,24.25,53.87,2.42,504.64,318.05,279.01,41.07,125.95
2021-04-12,3.16,28.93,56.54,3.14,504.56,322.52,329.25,40.93,122.89
2021-04-13,3.63,24.57,60.44,2.97,504.25,283.48,300.77,40.42,104.91
2021-04-14,7.67,24.89,68.01,2.92,503.85,267.08,302.42,39.75,113.06
2021-04-15,7.85,24.28,58.54,2.37,502.76,254.81,330.39,37.93,108.57
2021-04-16,9.47,26.28,65.22,2.61,503.05,308.88,288.25,38.42,113.95
2021-04-17,3.75,25.15,53.44,2.59,502.1,250.94,312.42,36.83,114.09
2021-04-18,6.43,25.59,63.83,2.51,501.54,294.33,327.49,35.9,121.71
2021-04-19,4.05,25.52,67.65,2.23,501.93,335.65,314.82,36.55,125.82
2021-04-20,10.94,25.61,65.09,2.62,501.91,316.85,324.03,36.52,127.65
2021-04-21,4.19,26.31,59.12,3.45,501.96,320.95,326.28,36.6,107.6
2021-04-22,3.9,25.51,67.02,2.96,500.84,257.46,333.65,34.73,116.02
2021-04-23,4.16,25.7,63.72,2.34,500.13,272.61,314.96,33.55,112.08
2021-04-24,5.88,28.03,63.11,3.44,500.58,332.62,303.19,34.3,102.84
2021-04-25,7.8,26.09,59.96,3.3,500.35,303.87,312.97,33.92,109.04
2021-04-26,7.72,27.22,65.3,2.63,499.87,283.21,315.05,33.12,108.37
2021-04-27,4.7,25.42,60.64,2.86,500.26,329.07,313.47,33.77,103.37
2021-04-28,5.71,26.2,64.99,3.46,500.0,305.59,330.32,33.33,117.09
2021-04-29,5.65,25.13,64.43,2.48,500.74,385.15,341.85,34.57,114.1
2021-04-30,5.01,29.87,67.1,2.7,500.74,335.47,333.9,34.57,110.15
2021-05-01,5.92,29.25,61.21,2.47,500.66,297.92,309.04,34.43,99.04
2021-05-02,11.22,28.19,65.56,3.49,500.83,356.91,338.95,34.72,120.45
2021-05-03,5.38,30.62,66.5,3.96,500.81,378.32,365.82,34.68,116.58
2021-05-04,7.85,28.65,64.15,3.58,500.87,345.02,341.42,34.78,113.43
2021-05-05,11.84,27.34,67.21,3.31,500.56,340.72,356.79,34.27,107.92
2021-05-06,11.77,28.25,65.59,2.61,501.23,374.33,343.01,35.38,120.71
2021-05-07,13.65,29.83,67.06,3.29,501.98,365.84,327.24,36.63,107.05
2021-05-08,8.81,26.56,69.67,3.01,502.23,384.36,360.38,37.05,105.29
2021-05-09,9.39,26.22,74.88,2.93,503.05,362.86,312.2,38.42,111.72
2021-05-10,7.56,28.68,59.58,3.5,503.98,417.03,337.68,39.97,126.4
2021-05-11,6.86,27.28,61.61,2.51,504.37,363.09,338.29,40.62,127.89
2021-05-12,8.6,24.85,67.76,2.6,505.04,403.61,360.59,41.73,132.55
2021-05-13,12.38,26.46,69.79,2.8,505.19,391.29,371.51,41.98,132.68
2021-05-14,8.48,27.94,66.95,2.7,505.82,407.91,365.75,43.03,136.51
2021-05-15,10.95,28.56,66.64,2.4,506.26,400.91,362.99,43.77,156.67
2021-05-16,9.81,28.69,63.67,3.8,507.21,427.54,369.63,45.35,143.17
2021-05-17,13.83,31.66,67.12,3.84,508.27,447.08,375.61,47.12,143.62
2021-05-18,13.12,28.41,73.76,3.23,509.97,434.05,331.06,49.95,144.39
2021-05-19,8.63,29.22,69.07,3.56,509.93,405.32,393.82,49.88,154.92
2021-05-20,10.97,26.43,73.42,2.08,511.04,462.63,380.73,51.73,158.85
2021-05-21,9.8,28.89,64.94,3.73,512.66,469.69,356.16,54.43,153.58
2021-05-22,10.05,29.51,75.7,2.93,513.65,423.89,360.51,56.08,170.2
2021-05-23,9.73,27.01,68.54,2.2,515.27,435.71,328.74,58.78,166.34
2021-05-24,12.42,27.73,73.8,2.16,516.94,463.67,354.15,61.57,170.35
2021-05-25,16.03,29.93,72.44,3.56,518.07,429.25,347.46,63.45,185.85
2021-05-26,13.21,28.44,70.35,4.05,520.16,516.05,358.93,66.93,175.91
2021-05-27,10.82,29.16,73.32,3.36,521.75,493.74,380.45,69.58,215.48
2021-05-28,12.9,30.18,74.77,4.44,524.19,524.71,370.96,73.65,220.85
2021-05-29,14.57,32.48,83.35,4.59,526.47,500.95,341.47,77.45,220.97
2021-05-30,13.35,29.14,75.92,3.52,529.87,580.31,353.78,83.12,221.55
2021-05-31,14.65,32.17,75.72,4.81,532.49,503.4,326.47,87.48,228.86
2021-06-01,13.08,26.63,79.09,3.27,534.72,536.9,388.38,91.2,249.4
2021-06-02,14.07,29.83,76.33,4.01,537.74,588.11,373.96,96.23,264.27
2021-06-03,14.28,29.15,74.58,2.36,540.0,535.91,385.67,100.0,273.96
2021-06-04,19.93,28.89,78.63,3.0,540.0,584.5,440.61,100.0,288.25
2021-06-05,13.93,30.71,78.05,3.24,540.0,603.85,362.66,100.0,263.14
2021-06-06,13.6,29.44,80.7,3.77,540.0,558.52,380.28,100.0,272.68
2021-06-07,20.58,26.76,72.93,2.6,540.0,597.1,408.28,100.0,300.0
2021-06-08,16.75,27.44,69.93,3.89,540.0,629.79,374.42,100.0,279.36
2021-06-09,15.07,30.93,81.41,3.59,540.0,635.9,378.18,100.0,272.02
2021-06-10,19.64,27.42,75.95,2.81,540.0,620.48,393.09,100.0,274.94
2021-06-11,18.93,31.02,71.39,3.67,540.0,702.95,445.54,100.0,297.41
2021-06-12,23.44,30.11,73.33,3.49,540.0,680.93,403.9,100.0,275.39
2021-06-13,18.6,29.68,85.98,3.22,540.0,698.68,376.77,100.0,269.38
2021-06-14,28.42,29.83,86.4,3.08,540.0,725.99,383.05,100.0,259.33
2021-06-15,18.59,30.74,75.74,3.43,540.0,674.69,379.77,100.0,272.57
2021-06-16,20.62,28.21,77.71,2.77,540.0,721.01,359.83,100.0,266.35
2021-06-17,21.4,30.05,80.93,4.25,540.0,727.6,393.74,100.0,272.61
2021-06-18,19.04,28.28,83.96,3.8,540.0,729.72,397.09,100.0,280.66
2021-06-19,19.33,30.24,79.1,3.2,540.0,734.06,398.19,100.0,278.72
2021-06-20,22.47,30.97,78.39,4.07,540.0,689.69,361.28,100.0,262.28
2021-06-21,19.02,30.25,85.13,2.84,540.0,750.27,405.92,100.0,286.09
2021-06-22,19.91,30.91,80.86,3.39,540.0,744.3,378.07,100.0,270.13
2021-06-23,21.19,28.94,81.51,2.5,540.0,709.55,387.37,100.0,267.04
2021-06-24,27.24,29.89,86.99,3.62,540.0,792.73,389.37,100.0,262.69
2021-06-25,24.1,29.62,75.1,3.64,540.0,762.24,422.33,100.0,295.65
2021-06-26,22.61,29.51,85.18,3.41,540.0,794.89,389.99,100.0,276.1
2021-06-27,21.81,28.75,85.03,3.33,540.0,807.89,432.11,100.0,289.32
2021-06-28,30.83,29.28,81.51,2.69,540.0,790.21,404.8,100.0,279.66
2021-06-29,23.23,28.24,76.72,2.85,540.0,793.17,410.43,100.0,290.31
2021-06-30,22.39,27.35,82.34,2.84,540.0,853.89,412.31,100.0,283.38
2021-07-01,33.12,28.81,89.36,2.6,540.0,848.31,392.25,100.0,286.78
2021-07-02,22.44,30.78,85.07,3.43,540.0,860.79,418.76,100.0,285.47
2021-07-03,28.53,30.16,93.54,2.58,540.0,874.81,403.6,100.0,260.86
2021-07-04,24.79,27.89,86.8,3.28,540.0,837.42,412.38,100.0,291.27
2021-07-05,26.98,29.13,81.14,3.57,540.0,884.27,424.56,100.0,288.52
2021-07-06,26.64,30.75,85.26,4.0,540.0,886.9,450.43,100.0,291.07
2021-07-07,27.43,29.0,82.05,3.37,540.0,947.15,430.14,100.0,286.31
2021-07-08,35.69,27.5,90.42,1.87,540.0,896.7,431.67,100.0,286.44
2021-07-09,34.6,32.97,94.83,3.41,540.0,960.14,434.63,100.0,280.86
2021-07-10,25.01,29.29,88.43,2.57,540.0,942.04,413.56,100.0,288.92
2021-07-11,27.66,27.75,85.36,2.5,540.0,919.95,427.67,100.0,284.19
2021-07-12,24.53,29.7,88.89,3.54,540.0,932.28,412.78,100.0,276.46
2021-07-13,29.09,29.27,85.47,2.27,540.0,963.39,410.98,100.0,300.0
2021-07-14,30.15,27.03,78.73,2.35,540.0,958.01,395.94,100.0,269.06
2021-07-15,24.93,29.42,82.14,2.94,540.0,929.19,425.75,100.0,286.08
2021-07-16,27.26,30.7,89.55,2.58,540.0,953.65,404.28,100.0,263.7
2021-07-17,29.42,28.82,92.32,2.79,540.0,930.22,423.96,100.0,294.9
2021-07-18,28.44,26.01,96.63,1.68,540.0,953.72,414.26,100.0,281.03
2021-07-19,25.96,29.55,89.14,3.52,540.0,943.46,406.18,100.0,286.13
2021-07-20,26.16,29.88,93.21,2.79,540.0,981.99,399.6,100.0,271.7
2021-07-21,27.65,28.03,91.55,2.74,540.0,973.16,440.77,100.0,280.21
2021-07-22,27.23,27.97,92.68,2.52,540.0,943.19,401.61,100.0,273.73
2021-07-23,27.46,32.15,92.22,2.28,540.0,945.86,440.79,100.0,300.0
2021-07-24,26.32,27.7,90.68,1.74,540.0,961.6,394.23,100.0,280.62
2021-07-25,28.3,26.93,94.08,2.35,540.0,962.94,440.12,100.0,280.0
2021-07-26,33.76,28.57,88.71,2.9,540.0,970.7,411.97,100.0,265.34
2021-07-27,26.58,29.31,78.72,3.18,540.0,968.53,426.33,100.0,284.64
2021-07-28,27.88,29.17,91.6,3.46,540.0,1012.89,388.9,100.0,282.51
2021-07-29,29.91,24.58,92.69,1.87,540.0,972.99,381.94,100.0,267.32
2021-07-30,28.42,27.21,86.3,3.25,540.0,991.84,415.16,100.0,290.83
2021-07-31,31.34,29.84,85.12,1.93,540.0,1040.63,396.15,100.0,278.08
2021-08-01,26.72,28.51,89.23,3.57,540.0,958.45,429.78,100.0,300.0
2021-08-02,28.54,26.08,93.0,1.68,540.0,984.54,413.49,100.0,278.01
2021-08-03,30.91,29.7,92.05,2.93,540.0,986.22,392.66,100.0,275.65
2021-08-04,37.6,29.19,88.68,3.48,540.0,993.03,387.24,100.0,269.75
2021-08-05,28.22,27.2,86.38,1.4,540.0,987.6,398.13,100.0,284.73
2021-08-06,26.71,28.87,91.08,2.61,540.0,962.57,387.85,100.0,278.66
2021-08-07,26.62,30.45,88.12,3.72,540.0,988.18,412.01,100.0,270.4
2021-08-08,25.82,25.76,93.1,1.59,540.0,922.61,389.78,100.0,279.99
2021-08-09,33.55,28.07,89.89,3.03,540.0,1004.23,425.96,100.0,276.34
2021-08-10,29.96,30.12,92.01,3.36,540.0,1001.87,413.92,100.0,276.52
2021-08-11,25.63,28.01,87.71,2.71,540.0,945.82,374.56,100.0,275.48
2021-08-12,25.86,25.79,85.64,2.43,540.0,975.62,386.88,100.0,265.44
2021-08-13,27.13,27.17,92.24,2.92,540.0,940.35,371.82,100.0,266.78
2021-08-14,29.8,28.76,85.05,3.19,540.0,937.96,370.5,100.0,274.27
2021-08-15,27.87,25.07,89.54,2.3,540.0,913.16,347.15,100.0,264.37
2021-08-16,27.39,26.43,89.24,1.74,540.0,949.09,406.27,100.0,282.94
2021-08-17,26.66,26.0,87.76,2.41,540.0,910.72,406.53,100.0,286.07
2021-08-18,24.35,25.3,91.36,2.08,540.0,935.62,363.66,100.0,275.91
2021-08-19,25.93,26.49,89.83,2.74,540.0,903.73,355.85,100.0,255.57
2021-08-20,25.43,25.86,89.2,1.46,540.0,895.23,386.55,100.0,276.44
2021-08-21,23.36,26.86,86.39,2.91,540.0,846.54,350.62,100.0,269.33
2021-08-22,30.82,27.48,96.19,1.79,540.0,886.41,397.45,100.0,282.99
2021-08-23,23.7,23.74,92.74,2.57,540.0,849.49,351.07,100.0,261.6
2021-08-24,23.67,25.63,89.82,1.52,540.0,870.16,324.71,100.0,252.74
2021-08-25,23.7,25.32,89.1,1.32,540.0,908.29,369.57,100.0,274.43
2021-08-26,23.79,25.58,83.45,2.0,540.0,819.55,345.99,100.0,262.59
2021-08-27,23.1,25.13,85.35,2.5,540.0,831.93,361.61,100.0,273.76
2021-08-28,23.32,23.55,88.47,1.66,540.0,812.65,347.76,100.0,262.43
2021-08-29,23.39,27.08,88.91,3.19,540.0,795.49,362.66,100.0,263.83
2021-08-30,22.97,27.59,87.76,2.36,540.0,793.86,358.32,100.0,252.7
2021-08-31,23.39,25.46,87.13,1.76,540.0,842.97,362.7,100.0,264.84
2021-09-01,23.25,25.4,92.57,1.46,540.0,842.95,358.97,100.0,256.64
2021-09-02,23.0,24.57,83.98,1.61,540.0,765.89,342.55,100.0,247.18
2021-09-03,23.44,25.7,88.2,1.33,540.0,795.08,317.96,100.0,246.03
2021-09-04,19.96,20.44,87.69,0.4,540.0,750.14,345.92,100.0,265.99
2021-09-05,19.68,23.97,84.51,1.1,540.0,743.02,350.68,100.0,260.9
2021-09-06,23.53,22.98,86.28,1.77,540.0,701.94,335.83,100.0,259.07
2021-09-07,19.4,23.93,84.04,2.45,540.0,793.41,337.52,100.0,263.08
2021-09-08,19.58,25.21,78.83,2.3,540.0,754.06,346.43,100.0,260.98
2021-09-09,19.08,23.47,83.36,1.28,540.0,701.54,330.45,100.0,251.28
2021-09-10,28.35,22.76,88.44,1.66,540.0,731.43,343.39,100.0,257.13
2021-09-11,17.43,21.06,82.65,1.02,540.0,697.15,321.28,100.0,258.56
2021-09-12,17.08,22.87,73.07,2.28,540.0,719.67,296.85,100.0,245.13
2021-09-13,18.14,23.9,73.98,1.53,540.0,677.78,314.53,100.0,233.18
2021-09-14,17.45,21.49,77.25,0.87,540.0,671.43,297.18,100.0,242.95
2021-09-15,15.8,19.61,79.74,1.12,540.0,632.27,300.01,100.0,250.05
2021-09-16,16.96,25.89,75.47,2.45,540.0,655.8,313.55,100.0,251.95
2021-09-17,16.85,22.85,81.73,1.97,540.0,688.23,335.49,100.0,250.57
2021-09-18,15.56,21.87,83.45,0.78,540.0,614.45,316.96,100.0,246.55
2021-09-19,15.85,24.16,83.2,2.01,540.0,604.34,305.32,100.0,234.39
2021-09-20,14.53,22.14,79.04,1.69,540.0,601.85,324.76,100.0,258.12
2021-09-21,13.82,23.79,81.0,1.0,540.0,596.79,299.02,100.0,250.36
2021-09-22,14.39,23.53,74.47,1.9,540.0,571.77,297.41,100.0,244.56
2021-09-23,13.3,19.61,76.6,0.2,540.0,558.78,282.88,100.0,238.37
2021-09-24,12.71,22.07,71.32,2.36,540.0,558.65,268.11,100.0,228.51
2021-09-25,12.08,23.83,79.78,1.16,540.0,501.98,291.2,100.0,245.82
2021-09-26,14.42,19.61,84.76,0.52,540.0,526.21,251.4,100.0,219.22
2021-09-27,12.77,19.49,74.63,0.88,540.0,480.53,256.36,100.0,237.75
2021-09-28,16.36,19.61,68.49,0.62,540.0,516.48,283.01,100.0,244.92
2021-09-29,12.3,22.03,70.75,2.56,540.0,497.87,258.78,100.0,241.27
2021-09-30,13.21,20.99,72.39,0.98,540.0,532.59,280.43,100.0,240.39
2021-10-01,11.31,17.52,69.72,0.4,540.0,487.19,275.32,100.0,234.76
2021-10-02,12.05,20.8,69.96,1.01,540.0,489.01,260.56,100.0,236.68
2021-10-03,9.71,19.78,74.02,0.63,540.0,427.64,262.79,100.0,239.84
2021-10-04,10.78,19.86,75.99,0.88,540.0,498.4,272.28,100.0,229.32
2021-10-05,9.92,18.64,64.87,1.32,540.0,434.47,238.19,100.0,225.99
2021-10-06,13.67,20.28,71.76,1.25,540.0,447.5,273.05,100.0,239.53
2021-10-07,11.13,21.2,72.5,1.0,540.0,471.82,224.32,100.0,225.39
2021-10-08,12.63,18.53,69.24,0.8,540.0,470.97,301.56,100.0,244.36
2021-10-09,13.79,16.84,75.18,0.2,540.0,422.97,266.66,100.0,240.04
2021-10-10,9.11,18.78,71.06,1.4,540.0,457.24,280.75,100.0,233.42
2021-10-11,10.04,20.24,69.43,0.97,540.0,404.28,264.83,100.0,249.16
2021-10-12,7.93,18.35,67.25,0.59,540.0,428.55,253.6,100.0,227.05
2021-10-13,10.21,16.6,73.01,0.2,540.0,394.25,233.11,100.0,227.7
2021-10-14,10.38,19.87,67.71,0.93,540.0,378.12,244.89,100.0,224.76
2021-10-15,9.59,20.72,63.03,2.38,540.0,400.37,264.7,100.0,235.67
2021-10-16,7.75,18.51,69.74,1.09,540.0,373.08,226.71,100.0,215.24
2021-10-17,14.85,15.94,68.08,0.75,540.0,448.17,256.85,100.0,240.0
2021-10-18,8.31,17.75,63.06,0.85,540.0,374.81,205.8,100.0,210.36
2021-10-19,6.45,18.34,69.02,0.2,540.0,349.87,221.41,100.0,221.66
2021-10-20,9.45,16.78,69.3,0.4,540.0,352.8,220.17,100.0,220.24
2021-10-21,10.45,18.75,66.07,1.06,540.0,375.1,273.64,100.0,232.95
2021-10-22,5.91,16.39,69.13,0.72,540.0,360.1,210.39,100.0,199.73
2021-10-23,6.85,17.68,69.68,0.56,540.0,358.88,244.29,100.0,235.85
2021-10-24,5.29,17.18,68.26,0.2,540.0,368.37,269.02,100.0,237.39
2021-10-25,10.71,18.33,69.73,0.69,540.0,302.24,246.71,100.0,217.03
2021-10-26,6.66,17.28,60.98,0.57,540.0,358.4,264.87,100.0,221.65
2021-10-27,5.33,16.89,71.95,0.58,540.0,307.33,259.6,100.0,231.1
2021-10-28,9.36,15.87,70.73,0.2,540.0,340.98,231.82,100.0,223.85
2021-10-29,6.4,17.02,62.97,0.2,540.0,372.6,244.39,100.0,226.96
2021-10-30,8.54,16.47,67.55,0.62,540.0,303.11,227.84,100.0,233.26
2021-10-31,7.2,15.45,67.89,0.2,540.0,300.0,232.57,100.0,212.99
2021-11-01,4.5,16.89,65.31,0.36,540.0,291.23,229.58,100.0,225.2
2021-11-02,4.92,17.1,72.56,0.2,540.0,298.55,256.11,100.0,236.75
2021-11-03,4.42,15.95,57.57,0.63,540.0,332.84,232.27,100.0,228.95
2021-11-04,3.97,17.75,58.54,0.25,540.0,263.5,196.51,100.0,219.35
2021-11-05,3.51,16.65,55.22,0.77,540.0,270.68,228.14,100.0,224.07
2021-11-06,13.11,14.24,69.13,0.28,540.0,318.84,237.65,100.0,228.03
2021-11-07,5.99,18.08,66.81,0.81,540.0,309.51,204.79,100.0,213.44
2021-11-08,6.27,17.13,66.31,0.21,540.0,282.21,199.49,100.0,203.48
2021-11-09,8.4,17.39,64.31,0.49,540.0,294.44,237.23,100.0,228.47
2021-11-10,4.07,16.4,65.5,0.53,540.0,321.51,211.26,100.0,215.01
2021-11-11,3.12,12.21,63.41,0.2,540.0,320.25,213.12,100.0,213.22
2021-11-12,6.83,17.27,67.36,1.3,540.0,322.74,212.22,100.0,220.75
2021-11-13,3.06,15.64,67.66,0.2,540.0,307.82,223.81,100.0,225.09
2021-11-14,6.6,16.0,60.66,0.56,540.0,252.01,232.32,100.0,219.65
2021-11-15,2.71,16.2,61.47,0.55,540.0,310.44,232.12,100.0,226.28
2021-11-16,2.79,18.22,61.4,0.93,540.0,244.44,199.35,100.0,213.44
2021-11-17,3.4,14.42,68.85,0.2,539.77,214.67,230.66,99.62,224.64
2021-11-18,6.2,14.38,60.89,0.2,540.0,262.37,228.23,100.0,232.05
2021-11-19,9.94,13.82,70.06,0.2,540.0,300.47,236.2,100.0,228.94
2021-11-20,5.36,13.42,57.97,0.2,540.0,283.12,232.77,100.0,227.31
2021-11-21,3.21,13.38,67.83,0.2,540.0,264.13,200.27,100.0,208.11
2021-11-22,6.81,12.12,67.95,0.2,540.0,277.55,194.03,100.0,207.09
2021-11-23,2.22,15.47,60.96,0.82,540.0,276.09,205.31,100.0,219.29
2021-11-24,2.66,17.75,64.62,0.63,540.0,253.78,228.43,100.0,212.23
2021-11-25,4.27,17.79,59.46,1.14,540.0,239.95,182.86,100.0,206.22
2021-11-26,6.1,13.38,59.72,0.2,540.0,232.49,178.96,100.0,202.12
2021-11-27,3.58,14.2,68.87,0.86,540.0,247.74,171.21,100.0,203.98
2021-11-28,3.35,16.4,59.02,0.47,540.0,242.81,181.59,100.0,206.79
2021-11-29,3.42,15.15,64.19,0.2,540.0,246.37,191.44,100.0,212.38
2021-11-30,7.1,14.66,67.43,0.2,540.0,276.18,214.18,100.0,222.02
2021-12-01,2.58,14.03,64.5,0.2,540.0,237.47,182.86,100.0,215.48
2021-12-02,2.29,16.14,62.83,0.2,540.0,235.69,218.9,100.0,227.58
2021-12-03,3.26,12.72,64.47,0.2,540.0,244.84,207.98,100.0,215.12
2021-12-04,7.58,15.01,66.93,0.2,540.0,311.77,176.33,100.0,202.48
2021-12-05,2.59,14.77,61.95,0.2,540.0,211.02,201.79,100.0,209.28
2021-12-06,3.2,14.29,60.83,0.2,540.0,266.04,213.34,100.0,216.24
2021-12-07,1.72,15.37,54.51,0.42,539.84,229.83,243.53,99.73,220.75
2021-12-08,3.23,14.21,62.12,0.2,540.0,235.23,210.99,100.0,221.03
2021-12-09,4.17,13.33,65.53,0.2,540.0,198.03,165.34,100.0,210.25
2021-12-10,1.88,14.25,55.74,0.22,540.0,276.26,217.22,100.0,209.07
2021-12-11,6.82,11.7,61.89,0.2,540.0,240.19,210.9,100.0,217.78
2021-12-12,4.08,14.99,62.35,0.27,540.0,254.47,221.86,100.0,232.13
2021-12-13,2.63,15.36,65.94,0.2,539.22,199.2,254.43,98.7,218.71
2021-12-14,4.06,13.05,56.45,0.2,539.63,220.09,194.34,99.38,221.6
2021-12-15,4.73,12.68,64.57,0.2,540.0,250.69,196.87,100.0,207.19
2021-12-16,1.43,13.09,58.46,0.2,540.0,227.41,216.08,100.0,215.13
2021-12-17,4.12,13.91,57.96,0.34,539.98,242.38,245.75,99.97,233.16
2021-12-18,7.15,14.33,58.01,1.08,540.0,290.74,230.23,100.0,227.47
2021-12-19,2.19,16.42,56.39,1.1,540.0,247.54,203.8,100.0,214.7
2021-12-20,2.56,16.23,61.15,0.2,539.99,219.99,226.56,99.98,217.37
2021-12-21,2.8,15.25,58.58,0.2,539.66,216.89,242.64,99.43,218.08
2021-12-22,5.56,14.19,63.72,0.2,540.0,216.13,191.65,100.0,211.0
2021-12-23,1.84,12.62,55.31,0.2,540.0,215.88,187.37,100.0,208.67
2021-12-24,4.5,16.54,62.42,0.71,540.0,220.44,209.6,100.0,211.75
2021-12-25,2.8,13.66,61.5,0.2,540.0,233.26,216.85,100.0,217.84
2021-12-26,9.24,14.47,56.02,0.2,540.0,253.64,242.01,100.0,229.46
2021-12-27,2.88,15.0,65.33,0.63,540.0,246.88,204.4,100.0,223.12
2021-12-28,1.16,14.17,60.18,0.71,540.0,238.06,220.96,100.0,222.31
2021-12-29,5.0,15.83,62.88,0.2,540.0,240.46,244.91,100.0,227.41
2021-12-30,4.31,14.81,64.43,0.2,540.0,301.11,227.86,100.0,217.4
2021-12-31,3.78,15.63,63.19,0.81,540.0,210.81,202.45,100.0,209.79
2022-01-01,6.85,14.85,59.44,0.61,540.0,232.85,225.6,100.0,223.95
2022-01-02,1.29,14.15,60.83,0.21,539.95,189.35,201.62,99.92,216.48
2022-01-03,1.87,14.35,50.87,0.32,539.95,219.4,220.05,99.92,218.94
2022-01-04,3.24,14.18,60.29,0.2,539.86,204.79,207.96,99.77,222.67
2022-01-05,3.59,12.38,66.32,0.2,539.91,208.71,209.99,99.85,217.55
2022-01-06,2.95,12.85,56.22,0.2,539.73,191.08,202.78,99.55,210.86
2022-01-07,1.36,15.5,61.24,0.94,539.72,187.03,199.38,99.53,208.57
2022-01-08,2.43,12.55,65.99,0.2,539.72,224.79,237.04,99.53,220.14
2022-01-09,8.73,13.87,63.78,0.2,540.0,248.28,225.14,100.0,225.65
2022-01-10,1.68,12.95,62.59,0.2,539.35,208.18,241.46,98.92,221.04
2022-01-11,3.19,13.89,52.53,0.23,539.37,177.16,167.01,98.95,202.52
2022-01-12,4.4,14.4,55.41,0.52,539.57,235.5,211.06,99.28,210.47
2022-01-13,5.33,14.08,65.34,0.2,540.0,249.1,209.39,100.0,216.06
2022-01-14,4.91,12.6,63.75,0.2,540.0,248.1,219.7,100.0,220.16
2022-01-15,2.33,14.52,60.29,0.2,540.0,206.77,198.67,100.0,230.34
2022-01-16,1.87,13.43,57.39,0.2,540.0,215.05,189.15,100.0,201.58
2022-01-17,9.19,13.97,62.37,0.2,539.64,210.12,234.76,99.4,229.86
2022-01-18,5.67,16.1,66.14,0.2,539.67,219.93,211.69,99.45,211.55
2022-01-19,3.39,16.49,57.76,1.19,539.41,216.24,234.89,99.02,232.94
2022-01-20,7.64,13.16,63.67,0.2,539.81,231.75,203.33,99.68,209.81
2022-01-21,1.48,17.55,59.79,1.77,540.0,237.59,195.86,100.0,220.14
2022-01-22,1.09,14.51,55.2,0.2,540.0,233.79,233.64,100.0,226.57
2022-01-23,3.57,14.45,56.53,0.2,539.63,206.43,238.19,99.38,215.95
2022-01-24,3.68,14.09,65.16,0.2,539.56,224.55,216.78,99.27,219.6
2022-01-25,1.43,15.59,59.99,0.54,539.43,195.45,205.23,99.05,217.73
2022-01-26,5.54,18.56,55.75,1.09,538.14,180.74,249.21,96.9,227.95
2022-01-27,1.17,13.36,57.05,0.2,538.2,238.28,232.58,97.0,217.18
2022-01-28,4.08,12.67,55.74,0.2,538.26,209.02,210.25,97.1,230.2
2022-01-29,4.7,16.25,63.14,0.66,538.18,183.91,197.38,96.97,221.39
2022-01-30,3.54,16.79,57.25,0.32,538.43,244.65,223.56,97.38,219.12
2022-01-31,1.35,16.1,56.65,0.61,538.23,217.68,226.3,97.05,207.75
2022-02-01,6.81,17.01,62.89,0.85,538.04,244.31,254.35,96.73,218.1
2022-02-02,2.38,14.51,51.8,1.05,537.93,240.75,239.14,96.55,218.12
2022-02-03,2.39,14.89,58.28,0.63,537.46,199.26,231.47,95.77,215.42
2022-02-04,2.12,16.59,57.78,0.71,537.69,247.63,224.07,96.15,208.76
2022-02-05,5.04,19.14,57.1,1.32,536.59,184.48,261.46,94.32,218.62
2022-02-06,2.32,17.45,55.49,1.1,535.81,213.21,258.63,93.02,205.01
2022-02-07,1.62,17.62,54.53,1.4,535.06,210.37,257.57,91.77,200.97
2022-02-08,5.98,15.2,60.99,0.2,534.65,208.32,239.07,91.08,209.33
2022-02-09,3.16,17.55,54.01,1.47,534.77,260.08,257.04,91.28,226.11
2022-02-10,6.12,15.25,60.59,0.2,535.49,238.73,195.29,92.48,187.99
2022-02-11,3.31,19.78,55.27,1.77,534.78,197.62,245.66,91.3,210.12
2022-02-12,2.06,15.72,56.28,0.76,533.45,201.98,281.71,89.08,217.57
2022-02-13,1.24,16.16,58.58,0.2,533.98,279.89,244.32,89.97,211.19
2022-02-14,3.6,15.26,57.04,0.2,533.77,214.87,227.46,89.62,199.39
2022-02-15,2.7,17.71,63.03,0.65,533.09,201.47,243.31,88.48,197.65
2022-02-16,5.19,17.76,58.41,0.2,533.33,253.35,237.72,88.88,209.04
2022-02-17,2.28,20.08,61.33,1.34,532.52,180.43,226.54,87.53,184.99
2022-02-18,4.19,19.1,55.18,0.75,532.52,264.32,263.91,87.53,212.05
2022-02-19,3.25,16.86,55.42,2.36,531.59,209.22,267.85,85.98,201.7
2022-02-20,1.98,19.48,50.64,2.13,531.19,240.97,262.63,85.32,206.21
2022-02-21,2.4,16.43,56.44,0.7,530.76,211.74,230.86,84.6,202.33
2022-02-22,1.52,17.34,56.89,1.54,529.81,183.24,237.15,83.02,188.05
2022-02-23,9.68,18.72,61.02,1.45,529.51,235.94,265.89,82.52,197.13
2022-02-24,4.16,16.96,61.85,0.2,529.22,256.74,276.76,82.03,198.72
2022-02-25,1.49,20.39,59.51,1.25,528.31,173.66,248.02,80.52,206.81
2022-02-26,9.37,22.33,64.16,2.42,528.12,214.76,241.51,80.2,187.6
2022-02-27,1.75,18.6,54.18,0.79,528.11,275.1,284.95,80.18,198.8
2022-02-28,2.31,18.19,58.24,1.25,527.06,242.44,301.84,78.43,200.16
2022-03-01,2.88,19.11,54.12,1.74,526.51,242.21,289.07,77.52,204.97
2022-03-02,3.36,18.59,60.17,0.96,525.7,257.03,309.54,76.17,193.41
2022-03-03,5.18,19.95,66.1,1.33,525.4,238.93,255.74,75.67,188.72
2022-03-04,3.41,17.71,54.11,1.47,524.51,233.76,289.05,74.18,183.17
2022-03-05,2.83,20.3,60.69,1.9,523.86,259.01,299.01,73.1,182.85
2022-03-06,3.75,22.83,61.79,2.33,523.35,222.96,259.12,72.25,179.71
2022-03-07,2.77,17.09,55.41,0.85,523.27,231.58,254.67,72.12,184.26
2022-03-08,2.57,18.47,60.29,1.35,522.96,248.7,255.55,71.6,172.25
2022-03-09,3.16,19.69,57.04,0.45,522.3,208.79,267.99,70.5,172.96
2022-03-10,9.14,21.31,59.96,2.52,522.81,273.91,250.49,71.35,177.66
2022-03-11,2.64,21.97,56.14,1.99,521.78,244.08,310.94,69.63,184.01
2022-03-12,6.82,21.98,58.54,1.62,521.2,214.87,248.11,68.67,172.06
2022-03-13,3.74,18.36,63.99,1.22,520.34,240.95,287.14,67.23,162.04
2022-03-14,3.66,20.03,58.58,1.79,519.95,212.3,230.16,66.58,151.78
2022-03-15,3.9,19.82,56.72,1.02,518.66,241.08,321.65,64.43,174.77
2022-03-16,4.66,21.21,59.37,1.81,517.55,233.09,305.53,62.58,170.81
2022-03-17,2.85,21.48,49.87,2.14,517.05,215.01,246.95,61.75,152.37
2022-03-18,6.63,19.53,57.27,1.4,515.84,197.19,283.25,59.73,157.42
2022-03-19,4.73,21.07,64.39,2.4,515.1,224.08,277.34,58.5,157.32
2022-03-20,1.88,22.73,57.26,2.2,514.34,236.63,288.13,57.23,143.9
2022-03-21,9.16,21.06,59.42,1.67,513.43,239.57,299.15,55.72,155.86
2022-03-22,4.12,21.84,59.87,1.57,512.78,215.96,267.86,54.63,150.57
2022-03-23,1.88,24.82,60.42,2.23,512.21,244.99,288.12,53.68,142.76
2022-03-24,2.9,25.4,63.12,2.9,511.76,217.52,249.84,52.93,130.28
2022-03-25,6.16,19.31,59.22,1.07,511.34,272.71,296.92,52.23,149.99
2022-03-26,3.4,22.86,57.24,2.15,511.66,267.87,254.29,52.77,148.86
2022-03-27,3.6,27.2,56.94,3.44,510.49,234.62,317.54,50.82,145.59
2022-03-28,5.6,23.68,63.91,2.28,510.69,287.18,270.93,51.15,130.48
2022-03-29,4.57,23.13,59.88,2.3,509.64,247.75,301.12,49.4,138.46
2022-03-30,5.27,25.2,68.08,2.57,508.28,218.2,308.29,47.13,129.07
2022-03-31,5.68,23.7,59.5,2.7,507.35,284.89,339.9,45.58,141.94
2022-04-01,2.82,24.57,65.91,3.74,506.73,295.32,340.54,44.55,134.36
2022-04-02,2.98,23.33,55.84,3.02,505.92,276.65,331.04,43.2,123.63
2022-04-03,2.78,24.08,53.66,2.48,504.71,230.88,296.85,41.18,121.66
2022-04-04,3.15,24.55,58.95,3.23,503.2,216.81,318.24,38.67,113.54
2022-04-05,3.92,25.34,64.11,2.13,502.37,237.28,305.37,37.28,104.02
2022-04-06,4.11,23.53,58.39,2.1,502.22,311.23,319.02,37.03,119.99
2022-04-07,8.55,23.62,59.71,2.72,501.33,230.1,288.05,35.55,109.13
2022-04-08,4.95,21.55,65.59,2.01,500.38,284.85,344.33,33.97,108.16
2022-04-09,4.2,23.99,63.42,2.65,499.98,265.11,291.29,33.3,111.66
2022-04-10,2.98,26.13,56.44,2.79,500.14,290.99,290.63,33.57,98.0
2022-04-11,3.98,25.52,56.93,2.63,499.12,237.22,312.91,31.87,99.53
2022-04-12,10.62,23.46,67.07,2.17,498.93,267.4,274.23,31.55,99.46
2022-04-13,10.6,22.23,57.74,1.95,498.15,261.91,312.36,30.25,105.12
2022-04-14,4.19,25.0,65.34,2.98,496.94,265.08,343.94,28.23,101.19
2022-04-15,2.91,26.72,62.92,2.9,496.67,306.25,326.47,27.78,91.39
2022-04-16,4.15,24.74,52.28,2.71,495.94,262.04,312.9,26.57,89.4
2022-04-17,9.36,23.42,64.11,1.37,495.85,297.24,301.46,26.42,84.89
2022-04-18,4.9,24.82,54.09,3.27,495.64,284.35,286.99,26.07,84.66
2022-04-19,7.02,26.32,57.75,3.26,494.6,265.81,332.22,24.33,86.55
2022-04-20,5.32,27.81,59.61,2.27,493.93,277.32,317.92,23.22,87.24
2022-04-21,3.62,25.68,56.68,3.19,493.36,305.61,334.76,22.27,79.19
2022-04-22,5.6,27.77,70.97,2.86,493.67,293.05,277.19,22.78,85.74
2022-04-23,7.89,27.72,66.66,3.57,493.11,301.95,337.65,21.85,83.21
2022-04-24,4.8,24.65,68.55,2.3,491.95,294.26,362.2,19.92,75.49
2022-04-25,8.04,28.41,62.87,3.06,491.4,299.72,350.74,19.0,80.98
2022-04-26,6.22,27.09,63.41,3.98,491.14,313.61,332.52,18.57,74.71
2022-04-27,8.12,24.95,71.21,3.14,491.88,357.09,312.8,19.8,73.14
2022-04-28,7.07,29.51,65.03,3.58,492.01,336.06,333.54,20.02,88.79
2022-04-29,5.01,26.79,65.93,3.16,491.79,323.04,332.79,19.65,75.8
2022-04-30,6.05,24.17,61.24,2.23,491.58,299.34,316.77,19.3,72.48
2022-05-01,6.15,26.13,60.88,2.1,491.29,319.16,321.8,18.82,81.81
2022-05-02,5.86,25.86,65.76,3.4,490.42,306.49,370.76,17.37,79.89
2022-05-03,7.63,26.37,66.97,2.43,490.43,314.07,311.1,17.38,76.25
2022-05-04,14.34,26.83,64.25,3.67,490.24,305.85,321.08,17.07,67.24
2022-05-05,10.51,27.21,68.24,3.35,490.41,363.29,349.95,17.35,75.97
2022-05-06,11.25,27.25,62.42,3.33,491.13,427.36,392.4,18.55,71.46
2022-05-07,6.66,27.64,65.63,3.17,491.98,385.9,336.97,19.97,65.66
2022-05-08,11.7,28.76,61.73,3.94,493.12,409.87,311.02,21.87,76.53
2022-05-09,13.44,26.86,74.28,2.27,494.86,418.54,305.96,24.77,86.71
2022-05-10,7.2,29.84,64.56,4.44,494.67,386.49,394.67,24.45,112.33
2022-05-11,9.62,26.32,65.29,2.94,495.97,390.09,306.98,26.62,99.23
2022-05-12,9.9,29.17,62.96,4.4,496.4,370.51,344.09,27.33,88.78
2022-05-13,8.57,30.79,61.8,4.03,497.65,410.12,318.59,29.42,104.09
2022-05-14,9.59,28.14,69.95,3.26,498.71,405.33,332.66,31.18,94.23
2022-05-15,10.71,28.78,72.71,3.4,499.45,393.16,333.94,32.42,117.29
2022-05-16,9.37,27.12,72.51,3.14,501.58,448.02,316.3,35.97,108.42
2022-05-17,12.83,27.88,75.88,3.85,502.12,409.84,374.32,36.87,118.33
2022-05-18,8.47,31.08,74.83,3.56,504.13,505.66,373.17,40.22,137.16
2022-05-19,9.81,29.92,72.79,3.48,505.68,450.41,347.95,42.8,128.06
2022-05-20,12.52,29.5,68.4,3.56,507.08,448.28,344.88,45.13,148.99
2022-05-21,17.32,26.03,74.3,1.37,509.05,515.75,388.46,48.42,147.92
2022-05-22,14.35,27.93,63.09,3.06,510.21,418.47,354.07,50.35,156.43
2022-05-23,11.79,31.68,72.76,3.74,511.14,479.66,403.32,51.9,163.8
2022-05-24,11.52,29.75,71.53,4.86,513.08,484.77,353.56,55.13,165.8
2022-05-25,11.51,30.0,77.49,3.55,514.99,495.63,372.77,58.32,165.21
2022-05-26,11.8,29.51,68.65,3.81,517.3,503.25,340.87,62.17,161.54
2022-05-27,10.6,28.39,73.79,2.4,519.44,492.71,355.34,65.73,179.09
2022-05-28,19.03,29.87,70.9,3.56,521.78,551.05,393.57,69.63,200.81
2022-05-29,13.1,27.13,73.17,3.31,523.79,536.0,394.19,72.98,210.41
2022-05-30,12.26,27.06,67.01,4.26,525.5,545.08,408.83,75.83,218.97
2022-05-31,14.8,28.42,79.83,2.62,528.07,556.08,382.57,80.12,210.86
2022-06-01,12.97,29.85,77.71,2.47,529.99,522.93,393.41,83.32,231.89
2022-06-02,16.95,27.25,74.24,2.45,532.78,563.76,387.27,87.97,246.01
2022-06-03,13.54,29.84,75.28,3.07,535.86,572.3,367.78,93.1,250.35
2022-06-04,17.06,28.2,76.54,2.62,538.93,553.01,342.8,98.22,253.42
2022-06-05,14.84,28.44,73.23,3.62,540.0,610.44,377.0,100.0,267.82
2022-06-06,16.36,31.71,76.05,4.07,540.0,549.95,349.55,100.0,262.63
2022-06-07,18.3,29.85,75.37,2.89,540.0,673.25,411.93,100.0,274.93
2022-06-08,15.47,28.47,80.59,3.66,540.0,619.68,404.91,100.0,278.29
2022-06-09,18.88,30.13,76.94,4.42,540.0,609.45,360.69,100.0,262.96
2022-06-10,15.05,27.67,86.79,1.71,540.0,653.95,409.75,100.0,272.82
2022-06-11,22.22,30.47,79.19,4.08,540.0,670.91,366.27,100.0,266.33
2022-06-12,20.49,31.58,79.17,3.68,540.0,717.3,425.52,100.0,272.72
2022-06-13,17.89,30.93,80.22,3.1,540.0,721.98,393.88,100.0,271.71
2022-06-14,21.88,33.19,82.61,3.34,540.0,656.39,396.22,100.0,279.57
2022-06-15,21.77,27.06,81.61,2.34,540.0,701.05,422.48,100.0,288.53
2022-06-16,19.08,30.17,81.54,3.09,540.0,687.44,403.12,100.0,279.52
2022-06-17,19.39,27.97,81.26,2.88,540.0,734.37,395.27,100.0,278.49
2022-06-18,18.36,29.73,76.71,4.45,540.0,759.31,418.87,100.0,288.83
2022-06-19,20.19,30.0,76.5,3.2,540.0,695.65,372.16,100.0,270.22
2022-06-20,18.55,33.42,82.03,3.44,540.0,729.13,357.61,100.0,273.06
2022-06-21,22.68,29.91,88.22,2.92,540.0,727.93,418.58,100.0,269.54
2022-06-22,23.08,29.88,76.02,3.96,540.0,777.93,376.54,100.0,276.67
2022-06-23,19.39,31.5,75.05,3.75,540.0,775.84,420.53,100.0,269.8
2022-06-24,26.04,29.9,78.36,3.7,540.0,811.42,409.85,100.0,277.21
2022-06-25,21.0,32.72,84.58,3.98,540.0,782.41,401.97,100.0,284.18
2022-06-26,35.4,30.97,91.39,3.28,540.0,817.27,388.15,100.0,278.97
2022-06-27,23.16,31.19,79.29,4.46,540.0,836.96,400.55,100.0,271.82
2022-06-28,27.33,27.13,95.09,1.7,540.0,839.73,409.77,100.0,281.23
2022-06-29,21.84,32.89,80.99,3.52,540.0,853.85,415.11,100.0,279.11
2022-06-30,22.98,28.9,90.11,2.32,540.0,887.76,397.67,100.0,283.61
2022-07-01,22.91,29.85,87.46,3.26,540.0,895.69,431.27,100.0,287.93
2022-07-02,22.25,28.86,80.6,3.07,540.0,834.89,422.9,100.0,281.25
2022-07-03,22.68,28.27,83.28,3.17,540.0,899.39,425.56,100.0,289.31
2022-07-04,24.41,27.97,82.4,2.73,540.0,843.16,398.12,100.0,281.88
2022-07-05,25.81,29.9,80.65,3.21,540.0,887.7,430.19,100.0,286.76
2022-07-06,23.66,26.75,85.26,2.54,540.0,860.39,420.73,100.0,289.66
2022-07-07,24.76,29.31,81.29,3.99,540.0,856.42,368.03,100.0,279.1
2022-07-08,24.49,31.22,84.84,2.93,540.0,920.83,420.38,100.0,270.41
2022-07-09,25.76,30.53,94.13,2.6,540.0,896.21,450.49,100.0,300.0
2022-07-10,27.79,30.19,90.22,3.11,540.0,937.53,436.82,100.0,300.0
2022-07-11,26.54,28.15,85.44,3.74,540.0,933.46,439.18,100.0,294.15
2022-07-12,25.54,27.07,85.16,1.93,540.0,930.59,400.99,100.0,276.56
2022-07-13,29.6,30.96,86.67,3.38,540.0,946.46,419.21,100.0,273.69
2022-07-14,27.69,28.67,96.59,2.08,540.0,966.95,415.41,100.0,283.68
2022-07-15,27.35,29.16,83.77,3.23,540.0,965.93,418.17,100.0,281.45
2022-07-16,25.71,28.93,87.62,1.82,540.0,934.83,402.53,100.0,269.5
2022-07-17,29.84,30.18,90.85,2.55,540.0,965.67,392.0,100.0,271.26
2022-07-18,28.57,31.87,92.91,4.07,540.0,993.98,421.49,100.0,285.05
2022-07-19,28.84,31.23,87.09,3.45,540.0,962.21,399.06,100.0,280.01
2022-07-20,27.32,25.48,85.75,1.67,540.0,951.2,423.97,100.0,278.95
2022-07-21,27.12,28.44,89.85,2.64,540.0,952.55,411.05,100.0,265.32
2022-07-22,34.08,26.81,97.28,2.0,540.0,998.1,379.16,100.0,269.95
2022-07-23,27.27,30.17,87.24,3.46,540.0,970.53,440.39,100.0,284.97
2022-07-24,26.42,28.69,85.12,1.83,540.0,983.21,422.54,100.0,282.61
2022-07-25,28.54,29.52,89.55,2.43,540.0,970.12,401.89,100.0,264.71
2022-07-26,28.17,27.94,82.96,2.27,540.0,1009.3,409.35,100.0,279.19
2022-07-27,31.29,26.89,90.16,2.58,540.0,979.92,386.26,100.0,276.63
2022-07-28,27.94,27.07,94.36,2.18,540.0,1013.34,413.73,100.0,279.73
2022-07-29,29.82,25.99,94.23,2.64,540.0,1018.0,428.43,100.0,288.28
2022-07-30,32.9,26.3,91.29,2.5,540.0,987.85,444.3,100.0,290.59
2022-07-31,29.12,25.9,97.1,1.64,540.0,1024.5,412.24,100.0,268.56
2022-08-01,26.72,26.47,96.96,1.93,540.0,974.73,406.62,100.0,281.12
2022-08-02,29.12,26.29,92.96,2.68,540.0,990.77,431.0,100.0,282.89
2022-08-03,27.44,28.43,83.09,3.58,540.0,959.6,378.38,100.0,262.22
2022-08-04,28.58,28.27,81.91,2.81,540.0,985.54,407.43,100.0,285.56
2022-08-05,27.94,28.23,94.67,1.97,540.0,974.6,386.82,100.0,276.08
2022-08-06,26.16,29.31,89.03,1.86,540.0,977.02,404.0,100.0,275.43
2022-08-07,27.44,27.33,95.64,1.16,540.0,925.2,411.39,100.0,281.0
2022-08-08,26.12,26.17,83.5,2.52,540.0,904.84,355.6,100.0,265.3
2022-08-09,26.65,30.56,87.03,3.51,540.0,920.39,412.24,100.0,270.47
2022-08-10,29.83,28.49,93.61,2.23,540.0,961.19,402.37,100.0,271.21
2022-08-11,27.38,27.26,85.87,3.14,540.0,964.23,397.46,100.0,269.97
2022-08-12,28.46,27.05,93.26,2.11,540.0,973.75,422.03,100.0,288.99
2022-08-13,27.22,27.25,88.05,2.13,540.0,933.43,372.26,100.0,280.48
2022-08-14,26.18,26.4,88.39,2.78,540.0,944.04,361.88,100.0,270.33
2022-08-15,27.08,26.78,83.68,2.95,540.0,912.71,362.5,100.0,267.21
2022-08-16,24.37,27.23,88.08,2.39,540.0,955.19,399.01,100.0,270.92
2022-08-17,28.06,25.27,97.79,1.89,540.0,898.02,368.88,100.0,273.62
2022-08-18,24.6,23.79,89.5,1.83,540.0,936.2,366.03,100.0,264.99
2022-08-19,26.87,23.02,85.79,2.52,540.0,896.54,356.99,100.0,257.54
2022-08-20,24.83,27.34,92.29,2.25,540.0,933.4,384.55,100.0,278.53
2022-08-21,23.49,23.52,84.12,1.02,540.0,891.79,373.25,100.0,279.15
2022-08-22,23.83,26.47,93.15,2.39,540.0,878.9,342.47,100.0,265.13
2022-08-23,25.89,23.92,82.6,1.78,540.0,852.35,338.13,100.0,275.21
2022-08-24,32.59,23.82,91.34,1.52,540.0,928.63,365.72,100.0,262.11
2022-08-25,23.99,24.32,92.6,1.54,540.0,891.83,388.07,100.0,271.32
2022-08-26,31.15,25.57,85.34,1.29,540.0,885.92,359.27,100.0,259.19
2022-08-27,21.6,23.22,85.85,1.61,540.0,869.21,334.72,100.0,251.26
2022-08-28,22.79,24.1,90.18,1.39,540.0,835.28,356.4,100.0,274.21
2022-08-29,22.83,24.86,76.13,2.03,540.0,846.43,359.53,100.0,257.68
2022-08-30,24.03,22.95,89.72,1.1,540.0,821.3,324.27,100.0,250.28
2022-08-31,21.3,26.78,83.23,2.43,540.0,801.84,325.66,100.0,263.39
2022-09-01,22.82,21.92,91.21,1.12,540.0,817.74,366.25,100.0,270.3
2022-09-02,21.33,24.05,80.7,1.83,540.0,793.25,322.06,100.0,246.29
2022-09-03,25.07,26.15,79.12,2.99,540.0,783.12,359.84,100.0,264.97
2022-09-04,21.47,22.12,82.05,1.7,540.0,807.32,315.78,100.0,239.5
2022-09-05,32.9,23.81,85.82,1.59,540.0,762.32,308.75,100.0,247.72
2022-09-06,20.04,24.04,81.82,1.29,540.0,729.72,333.48,100.0,257.61
2022-09-07,23.46,22.5,82.38,1.69,540.0,747.31,319.54,100.0,253.58
2022-09-08,24.55,23.46,76.14,1.67,540.0,762.84,325.24,100.0,267.57
2022-09-09,21.32,24.28,82.03,1.77,540.0,768.79,338.84,100.0,264.0
2022-09-10,18.64,22.6,82.54,0.76,540.0,702.62,313.58,100.0,242.49
2022-09-11,17.16,24.31,79.5,2.15,540.0,801.4,319.71,100.0,253.41
2022-09-12,22.15,23.62,83.39,2.95,540.0,704.26,332.9,100.0,256.43
2022-09-13,17.09,22.02,80.8,1.08,540.0,684.15,322.68,100.0,266.66
2022-09-14,15.75,24.45,73.43,2.47,540.0,631.8,311.07,100.0,246.79
2022-09-15,17.85,21.51,79.24,1.87,540.0,619.31,306.97,100.0,249.47
2022-09-16,21.51,23.77,81.44,1.49,540.0,610.4,288.97,100.0,244.65
2022-09-17,15.15,21.26,78.0,0.2,540.0,670.72,292.86,100.0,236.54
2022-09-18,18.75,21.73,74.03,1.81,540.0,662.09,303.89,100.0,236.9
2022-09-19,13.99,21.82,82.72,1.26,540.0,621.66,288.04,100.0,240.9
2022-09-20,20.55,22.44,76.12,1.73,540.0,588.43,297.54,100.0,250.2
2022-09-21,16.37,18.17,74.4,0.59,540.0,596.47,290.19,100.0,233.98
2022-09-22,13.43,22.34,76.86,2.11,540.0,629.08,302.32,100.0,246.37
2022-09-23,16.79,21.36,76.82,1.24,540.0,570.76,290.4,100.0,238.55
2022-09-24,13.55,21.81,78.8,2.42,540.0,553.14,323.97,100.0,240.47
2022-09-25,12.75,22.0,79.26,1.72,540.0,546.78,259.05,100.0,234.81
2022-09-26,12.9,21.7,78.55,1.82,540.0,536.6,280.57,100.0,242.95
2022-09-27,15.2,17.96,77.45,0.42,540.0,558.47,264.52,100.0,239.62
2022-09-28,11.77,19.24,77.66,0.89,540.0,470.15,262.85,100.0,239.88
2022-09-29,10.75,21.2,67.96,0.67,540.0,518.52,262.52,100.0,233.59
2022-09-30,11.77,20.86,78.83,0.81,540.0,488.82,286.29,100.0,244.72
2022-10-01,16.28,19.24,74.87,1.35,540.0,491.89,243.6,100.0,229.53
2022-10-02,15.93,21.4,83.33,1.07,540.0,519.04,291.89,100.0,225.71
2022-10-03,10.84,19.77,78.16,0.29,540.0,459.98,277.14,100.0,228.48
2022-10-04,10.51,21.35,72.01,1.09,540.0,490.57,311.38,100.0,244.79
2022-10-05,10.16,21.71,72.39,1.16,540.0,489.58,305.33,100.0,248.4
2022-10-06,9.84,20.18,77.12,0.96,540.0,475.89,250.42,100.0,232.28
2022-10-07,9.67,20.46,62.95,1.06,540.0,463.33,288.4,100.0,247.16
2022-10-08,11.01,18.58,72.2,1.44,540.0,454.62,255.05,100.0,236.61
2022-10-09,14.25,20.7,80.06,1.13,540.0,458.79,267.44,100.0,237.17
2022-10-10,8.5,19.56,74.44,0.21,540.0,410.75,287.75,100.0,245.83
2022-10-11,8.44,18.66,67.71,1.65,540.0,459.42,244.7,100.0,239.3
2022-10-12,10.33,17.15,73.29,0.32,540.0,391.58,250.03,100.0,233.15
2022-10-13,11.11,18.12,67.91,1.0,540.0,425.59,214.3,100.0,218.57
2022-10-14,7.16,17.06,68.95,0.6,540.0,383.07,263.88,100.0,237.93
2022-10-15,14.7,19.74,73.63,1.18,540.0,362.29,284.32,100.0,247.0
2022-10-16,8.01,20.31,71.26,1.02,540.0,385.64,256.51,100.0,243.21
2022-10-17,6.58,19.73,71.51,1.2,540.0,386.39,271.81,100.0,229.61
2022-10-18,6.3,21.96,72.52,1.49,540.0,411.92,270.41,100.0,225.35
2022-10-19,6.07,17.42,63.85,0.87,540.0,416.7,233.47,100.0,226.41
2022-10-20,11.1,18.88,70.08,0.77,540.0,358.03,244.61,100.0,218.42
2022-10-21,7.79,16.1,65.87,0.2,540.0,322.14,241.97,100.0,225.95
2022-10-22,10.78,17.46,68.24,0.2,540.0,327.0,208.84,100.0,229.73
2022-10-23,7.05,15.42,65.73,0.2,540.0,376.33,267.83,100.0,236.02
2022-10-24,10.31,18.38,70.95,0.83,540.0,377.81,228.45,100.0,223.45
2022-10-25,6.67,16.88,71.94,1.24,540.0,334.25,227.07,100.0,220.1
2022-10-26,8.14,14.22,73.34,0.2,540.0,317.16,222.98,100.0,232.13
2022-10-27,6.53,16.16,63.06,0.2,540.0,361.16,235.03,100.0,228.43
2022-10-28,6.1,19.77,65.53,0.72,540.0,300.88,283.27,100.0,237.68
2022-10-29,4.98,17.59,61.5,0.94,540.0,308.8,213.19,100.0,228.81
2022-10-30,7.98,18.02,62.24,0.52,540.0,330.8,197.17,100.0,214.6
2022-10-31,4.49,16.95,62.99,0.31,540.0,260.17,220.25,100.0,217.81
2022-11-01,7.71,16.38,68.28,0.2,540.0,333.09,210.16,100.0,202.86
2022-11-02,6.08,16.58,68.08,0.2,540.0,366.0,223.7,100.0,222.79
2022-11-03,7.56,16.82,68.96,0.75,540.0,310.84,235.53,100.0,222.46
2022-11-04,6.05,14.71,68.56,0.2,540.0,301.5,199.53,100.0,211.86
2022-11-05,9.15,17.4,63.06,1.36,540.0,308.5,214.62,100.0,216.31
2022-11-06,6.43,17.85,69.78,0.52,540.0,308.62,227.36,100.0,210.19
2022-11-07,5.58,15.78,68.37,0.2,540.0,281.69,201.49,100.0,232.64
2022-11-08,9.03,15.19,64.9,0.54,540.0,272.02,214.43,100.0,213.99
2022-11-09,3.13,14.78,62.65,0.2,540.0,284.55,222.58,100.0,226.14
2022-11-10,3.22,18.44,60.29,0.53,540.0,285.73,214.23,100.0,217.25
2022-11-11,7.07,15.04,60.16,0.2,540.0,256.04,214.9,100.0,199.84
2022-11-12,4.9,16.61,66.49,0.76,540.0,244.41,216.84,100.0,218.58
2022-11-13,2.81,15.26,66.53,0.45,540.0,255.35,197.57,100.0,214.27
2022-11-14,3.66,15.1,59.78,0.2,540.0,232.19,177.92,100.0,203.31
2022-11-15,8.2,14.24,60.48,0.66,540.0,288.68,194.77,100.0,222.69
2022-11-16,4.9,13.86,60.31,0.2,540.0,180.84,175.1,100.0,218.76
2022-11-17,4.58,16.35,63.48,1.1,540.0,235.69,231.7,100.0,226.4
2022-11-18,3.23,13.68,57.64,0.2,540.0,299.49,181.69,100.0,211.3
2022-11-19,6.62,15.79,68.27,0.2,540.0,262.01,223.15,100.0,213.58
2022-11-20,4.09,15.16,67.07,0.2,540.0,264.29,197.06,100.0,205.18
2022-11-21,5.85,16.09,64.79,0.2,540.0,256.77,230.16,100.0,219.32
2022-11-22,2.88,13.98,65.65,0.35,540.0,240.42,198.41,100.0,227.71
2022-11-23,12.33,16.45,65.57,0.54,540.0,296.94,215.82,100.0,215.45
2022-11-24,8.52,14.56,66.12,0.2,540.0,257.25,219.49,100.0,229.69
2022-11-25,4.37,18.6,56.06,1.22,540.0,250.27,233.09,100.0,219.78
2022-11-26,4.86,12.24,68.82,0.2,540.0,284.87,201.71,100.0,208.03
2022-11-27,2.95,18.25,58.63,0.65,540.0,219.39,190.91,100.0,207.79
2022-11-28,5.78,14.36,62.25,0.2,540.0,249.17,217.89,100.0,216.28
2022-11-29,9.63,14.84,74.01,0.2,540.0,244.29,175.17,100.0,201.16
2022-11-30,5.52,13.55,61.82,0.2,540.0,250.73,173.52,100.0,216.64
2022-12-01,2.3,12.06,64.71,0.2,540.0,241.29,213.81,100.0,218.27
2022-12-02,9.39,13.58,66.1,0.2,540.0,272.48,224.56,100.0,220.71
2022-12-03,11.29,13.78,59.31,0.2,540.0,298.75,221.84,100.0,221.41
2022-12-04,4.73,14.57,57.69,0.63,540.0,274.28,209.61,100.0,223.71
2022-12-05,2.41,15.94,68.4,0.2,540.0,248.8,197.06,100.0,213.45
2022-12-06,3.81,14.51,63.48,0.2,540.0,274.87,243.59,100.0,230.35
2022-12-07,5.06,14.5,61.51,0.2,540.0,270.34,245.63,100.0,235.99
2022-12-08,4.4,14.74,59.02,0.68,540.0,249.13,210.39,100.0,210.07
2022-12-09,2.09,11.5,62.41,0.2,540.0,261.62,196.59,100.0,207.26
2022-12-10,4.94,11.62,63.82,0.2,539.79,180.32,178.06,99.65,207.3
2022-12-11,7.09,11.85,63.78,0.2,540.0,244.51,216.68,100.0,214.62
2022-12-12,1.83,13.51,64.47,0.2,540.0,245.97,183.91,100.0,207.42
2022-12-13,1.9,11.25,57.36,0.2,540.0,196.87,177.24,100.0,199.19
2022-12-14,2.45,13.0,56.45,0.2,540.0,239.65,198.32,100.0,207.64
2022-12-15,3.11,11.97,65.13,0.2,540.0,253.74,220.52,100.0,228.58
2022-12-16,5.85,14.75,69.61,0.78,539.71,222.98,235.41,99.52,222.07
2022-12-17,6.95,14.67,64.93,0.26,540.0,252.89,215.84,100.0,216.09
2022-12-18,2.12,13.55,65.09,0.2,540.0,262.12,222.45,100.0,215.63
2022-12-19,3.95,11.15,61.0,0.2,540.0,272.26,234.02,100.0,218.94
2022-12-20,6.73,13.64,62.67,0.2,540.0,273.3,232.65,100.0,217.44
2022-12-21,3.92,14.49,61.18,0.43,540.0,275.07,204.45,100.0,206.61
2022-12-22,4.04,15.22,59.72,0.2,539.86,223.58,225.57,99.77,217.05
2022-12-23,4.43,16.64,65.27,0.37,539.95,229.81,230.11,99.92,222.91
2022-12-24,2.82,15.7,63.67,0.2,539.55,175.73,207.99,99.25,219.86
2022-12-25,3.7,14.28,58.34,0.2,539.37,205.92,209.46,98.95,214.68
2022-12-26,1.24,13.62,52.53,0.2,539.85,258.56,227.05,99.75,215.36
2022-12-27,2.37,12.95,59.46,0.2,539.51,210.15,218.16,99.18,214.7
2022-12-28,4.68,16.11,55.03,0.2,540.0,235.47,175.28,100.0,202.07
2022-12-29,1.97,14.35,59.15,0.37,540.0,230.05,220.79,100.0,216.26
2022-12-30,5.81,15.07,56.03,0.2,540.0,258.3,240.54,100.0,224.58
2022-12-31,1.32,13.26,64.06,0.2,539.14,176.79,225.03,98.57,225.72
2023-01-01,5.59,12.32,62.94,0.2,539.54,239.82,222.79,99.23,224.78
2023-01-02,5.58,13.61,62.45,0.2,539.89,240.85,218.91,99.82,231.11
2023-01-03,12.06,13.79,66.64,0.2,540.0,227.15,206.52,100.0,210.06
2023-01-04,2.65,14.56,59.93,0.57,540.0,267.54,218.81,100.0,212.44
2023-01-05,3.34,13.2,61.24,0.2,539.9,211.79,227.88,99.83,220.26
2023-01-06,8.46,14.39,66.48,0.2,540.0,277.98,231.57,100.0,232.52
2023-01-07,7.75,16.16,59.4,0.2,539.55,200.94,231.02,99.25,207.98
2023-01-08,6.3,11.93,63.05,0.2,539.94,223.0,206.51,99.9,216.92
2023-01-09,4.15,11.31,55.75,0.2,539.73,244.53,242.45,99.55,224.59
2023-01-10,8.31,16.4,60.42,1.35,540.0,261.42,211.61,100.0,222.31
2023-01-11,14.96,12.38,73.01,0.2,540.0,219.68,222.45,100.0,224.36
2023-01-12,4.88,14.06,62.7,0.2,540.0,287.87,218.08,100.0,224.35
2023-01-13,3.44,15.6,58.07,0.2,540.0,276.06,226.28,100.0,226.08
2023-01-14,5.27,14.66,60.49,0.2,540.0,306.6,274.23,100.0,257.66
2023-01-15,3.75,14.69,58.74,0.87,540.0,269.28,238.87,100.0,239.19
2023-01-16,2.79,14.97,59.29,1.9,539.76,213.85,225.62,99.6,227.45
2023-01-17,5.76,18.71,56.84,0.86,538.98,206.89,249.07,98.3,223.19
2023-01-18,2.42,17.66,59.4,1.18,539.75,221.53,172.5,99.58,202.01
2023-01-19,4.82,14.02,61.6,0.2,540.0,285.85,231.04,100.0,232.23
2023-01-20,1.36,16.71,57.32,0.93,540.0,228.7,216.44,100.0,227.81
2023-01-21,9.31,15.96,61.27,0.93,540.0,240.21,211.82,100.0,212.05
2023-01-22,2.04,15.25,59.39,0.2,540.0,266.5,203.15,100.0,201.23
2023-01-23,1.48,13.99,56.08,0.2,539.54,201.4,220.4,99.23,206.47
2023-01-24,7.58,16.11,61.94,1.02,539.62,248.41,246.54,99.37,236.11
2023-01-25,8.54,15.05,63.84,0.35,540.0,259.35,232.22,100.0,234.08
2023-01-26,4.1,15.02,64.82,0.22,540.0,262.05,252.4,100.0,231.16
2023-01-27,3.14,14.52,60.01,0.33,540.0,261.19,238.59,100.0,228.87
2023-01-28,2.69,17.26,55.53,1.2,539.83,240.37,258.23,99.72,244.82
2023-01-29,3.96,14.69,58.63,0.74,539.65,201.48,219.91,99.42,233.59
2023-01-30,3.26,14.79,54.17,0.7,540.0,213.5,195.2,100.0,217.43
2023-01-31,3.01,17.19,60.85,0.7,540.0,246.95,206.97,100.0,216.3
2023-02-01,1.92,15.9,49.67,0.91,540.0,270.32,233.04,100.0,221.8
2023-02-02,1.64,16.03,61.87,0.37,539.81,191.73,214.52,99.68,216.31
2023-02-03,3.54,17.86,62.58,0.46,539.3,189.43,220.9,98.83,213.27
2023-02-04,3.89,18.37,46.28,1.43,538.24,183.34,255.5,97.07,230.7
2023-02-05,2.11,13.31,63.93,0.2,538.07,202.1,206.46,96.78,209.34
2023-02-06,2.3,16.41,62.1,0.2,537.61,245.6,274.12,96.02,224.06
2023-02-07,3.88,14.59,58.03,0.54,537.7,258.43,230.73,96.17,224.54
2023-02-08,1.9,16.23,53.15,1.19,537.04,170.96,209.8,95.07,211.94
2023-02-09,6.48,16.91,56.22,1.06,536.25,196.98,236.79,93.75,215.59
2023-02-10,4.71,16.49,55.98,1.14,535.16,196.5,270.44,91.93,219.15
2023-02-11,2.11,15.59,63.53,0.2,534.79,209.35,229.12,91.32,209.94
2023-02-12,4.56,15.63,57.46,0.2,534.63,226.62,234.92,91.05,205.5
2023-02-13,1.94,18.45,61.01,1.51,534.66,222.35,236.61,91.1,227.92
2023-02-14,5.63,19.77,57.99,0.92,534.07,243.83,274.51,90.12,233.72
2023-02-15,1.98,14.49,58.86,0.2,533.25,178.5,233.79,88.75,197.4
2023-02-16,3.13,17.2,52.03,1.21,532.62,215.35,258.17,87.7,206.25
2023-02-17,3.71,18.91,53.48,1.58,532.52,261.23,259.55,87.53,201.83
2023-02-18,8.49,17.88,65.49,1.22,532.87,272.73,257.68,88.12,195.64
2023-02-19,2.07,16.38,57.61,0.2,533.41,273.62,251.05,89.02,220.6
2023-02-20,2.03,17.45,59.13,0.79,532.73,241.99,296.68,87.88,218.45
2023-02-21,1.44,18.74,64.56,0.43,531.16,213.16,309.84,85.27,209.97
2023-02-22,10.2,17.95,60.6,1.35,531.1,244.39,242.04,85.17,186.31
2023-02-23,3.47,18.47,57.56,1.81,531.57,295.28,246.94,85.95,202.93
2023-02-24,6.63,18.63,64.38,1.23,531.03,226.23,259.85,85.05,205.69
2023-02-25,2.38,18.0,58.13,0.73,531.95,285.99,223.57,86.58,198.87
2023-02-26,2.51,20.14,58.81,1.15,530.92,181.08,255.29,84.87,209.04
2023-02-27,3.32,18.33,62.43,0.75,530.23,245.43,305.15,83.72,219.26
2023-02-28,3.39,17.66,58.71,0.48,529.97,247.32,254.35,83.28,189.09
2023-03-01,5.24,22.64,61.15,2.0,529.23,238.41,287.63,82.05,197.03
2023-03-02,3.58,19.31,57.92,0.96,528.38,242.13,297.0,80.63,211.0
2023-03-03,2.73,15.66,63.11,0.2,528.25,244.76,251.81,80.42,187.35
2023-03-04,10.39,21.57,62.21,1.97,528.15,257.43,275.54,80.25,187.39
2023-03-05,2.03,21.7,56.3,2.21,527.5,232.93,276.41,79.17,186.03
2023-03-06,2.17,20.64,57.92,2.52,526.72,229.72,284.45,77.87,201.6
2023-03-07,2.06,21.04,47.74,1.86,525.53,200.27,282.52,75.88,196.83
2023-03-08,5.44,23.46,62.97,1.28,524.93,257.18,298.5,74.88,193.22
2023-03-09,4.61,18.91,54.27,1.76,524.83,262.44,262.22,74.72,176.28
2023-03-10,3.19,20.69,53.97,2.27,524.9,275.62,284.34,74.83,188.22
2023-03-11,2.06,23.58,55.24,3.06,523.52,211.6,301.93,72.53,187.04
2023-03-12,3.87,24.04,50.47,3.48,521.91,192.23,302.2,69.85,179.4
2023-03-13,5.99,20.35,61.54,2.23,521.35,245.95,283.96,68.92,180.99
2023-03-14,8.92,24.05,61.24,1.94,520.33,214.9,265.18,67.22,164.97
2023-03-15,2.51,22.38,55.86,2.94,519.48,257.37,303.89,65.8,177.97
2023-03-16,3.28,23.56,55.12,2.32,518.06,190.29,284.85,63.43,167.27
2023-03-17,4.71,22.6,56.0,2.62,517.59,274.37,298.03,62.65,156.07
2023-03-18,2.92,22.05,60.75,2.07,516.82,246.55,300.07,61.37,177.82
2023-03-19,1.82,25.04,50.66,2.5,515.59,183.8,257.11,59.32,154.6
2023-03-20,3.37,21.07,57.3,2.38,514.65,241.31,302.67,57.75,145.52
2023-03-21,1.96,24.85,51.2,2.7,513.61,234.5,288.78,56.02,140.14
2023-03-22,6.51,25.23,62.19,3.62,512.74,248.63,311.6,54.57,162.68
2023-03-23,3.17,24.32,56.8,2.24,512.26,256.6,291.34,53.77,147.22
2023-03-24,3.67,22.31,61.22,1.49,510.62,179.73,292.03,51.03,144.24
2023-03-25,2.56,22.92,63.5,1.74,509.55,227.72,297.65,49.25,140.27
2023-03-26,3.81,20.78,64.81,2.25,508.86,240.94,280.51,48.1,139.7
2023-03-27,7.89,22.15,56.98,1.29,508.51,238.72,274.0,47.52,137.65
2023-03-28,7.14,23.89,61.58,2.83,507.7,244.46,309.96,46.17,126.96
2023-03-29,2.33,20.96,63.89,2.49,507.61,278.27,282.68,46.02,131.64
2023-03-30,3.7,22.79,62.3,1.99,506.44,211.31,283.96,44.07,114.43
2023-03-31,3.46,26.29,61.66,2.78,505.58,247.66,289.71,42.63,114.58
2023-04-01,3.4,23.27,52.34,2.54,504.67,243.41,304.63,41.12,119.22
2023-04-02,3.14,25.19,61.64,2.14,503.51,240.58,311.27,39.18,106.3
2023-04-03,2.53,24.63,55.79,4.06,502.76,220.26,264.45,37.93,103.11
2023-04-04,13.51,23.45,66.49,2.45,503.14,315.04,296.16,38.57,99.39
2023-04-05,11.09,23.81,65.45,1.63,503.1,299.34,293.72,38.5,113.95
2023-04-06,3.58,24.43,62.17,2.09,503.63,331.67,310.3,39.38,129.99
2023-04-07,4.69,21.23,60.91,1.82,503.88,296.15,270.52,39.8,113.51
2023-04-08,7.3,25.86,66.4,2.08,503.21,308.17,335.67,38.68,121.03
2023-04-09,4.81,24.39,62.76,1.71,502.61,276.49,310.26,37.68,112.29
2023-04-10,3.71,26.17,61.18,3.1,502.53,305.34,311.5,37.55,121.54
2023-04-11,2.83,25.41,56.17,3.42,501.84,280.75,326.39,36.4,113.99
2023-04-12,4.76,24.71,62.62,3.01,501.0,263.56,319.84,35.0,102.65
2023-04-13,3.07,25.38,68.23,2.52,500.68,309.41,327.27,34.47,111.39
2023-04-14,8.56,25.51,57.06,2.78,499.57,238.43,306.93,32.62,114.27
2023-04-15,4.91,27.55,63.63,3.25,498.55,256.46,312.79,30.92,90.5
2023-04-16,6.38,25.56,65.47,3.17,498.69,352.62,342.74,31.15,98.29
2023-04-17,4.52,26.02,68.23,2.08,498.37,300.73,329.43,30.62,101.24
2023-04-18,7.54,23.82,66.27,1.83,496.62,227.37,343.06,27.7,94.69
2023-04-19,4.23,25.76,61.67,2.65,496.35,313.91,324.97,27.25,96.92
2023-04-20,6.14,28.13,63.54,3.26,495.41,267.08,328.83,25.68,84.09
2023-04-21,4.86,26.71,60.87,3.07,495.0,278.21,315.7,25.0,84.27
2023-04-22,5.22,24.57,67.78,2.35,495.3,359.9,337.54,25.5,91.92
2023-04-23,8.57,24.84,58.15,3.05,495.2,341.7,336.49,25.33,91.67
2023-04-24,4.62,25.31,60.85,1.87,495.68,353.52,322.49,26.13,109.45
2023-04-25,6.89,28.03,64.87,2.51,495.47,292.31,309.87,25.78,94.5
2023-04-26,10.38,27.96,69.38,2.83,495.14,311.88,339.15,25.23,80.35
2023-04-27,8.92,21.58,66.16,2.09,495.12,333.47,339.24,25.2,83.96
2023-04-28,5.35,26.75,60.3,2.8,494.9,347.6,362.19,24.83,83.29
2023-04-29,7.82,27.2,63.64,3.12,494.71,325.61,330.18,24.52,99.83
2023-04-30,4.64,25.64,62.41,2.85,495.5,380.77,319.01,25.83,82.69
2023-05-01,9.79,26.6,64.57,3.12,495.64,348.51,334.81,26.07,96.62
2023-05-02,18.62,29.29,67.05,4.34,496.21,392.5,357.08,27.02,100.66
2023-05-03,7.91,28.01,63.36,3.7,496.87,343.41,292.38,28.12,81.68
2023-05-04,11.83,26.75,60.39,3.62,497.15,362.56,338.04,28.58,95.58
2023-05-05,5.67,27.31,66.04,3.03,497.47,384.64,355.26,29.12,99.99
2023-05-06,6.15,27.35,67.94,3.79,497.94,365.13,344.15,29.9,91.17
2023-05-07,7.25,28.21,71.63,3.19,498.68,388.67,336.24,31.13,116.49
2023-05-08,7.76,25.74,70.25,1.6,499.83,393.1,320.43,33.05,107.34
2023-05-09,9.01,26.97,70.4,4.11,500.3,360.21,339.71,33.83,121.66
2023-05-10,7.41,29.62,67.14,3.66,501.2,389.84,320.28,35.33,126.59
2023-05-11,9.0,28.05,60.24,3.72,502.29,433.53,365.14,37.15,122.79
2023-05-12,11.67,26.97,70.04,2.36,503.3,420.32,351.27,38.83,126.09
2023-05-13,10.35,27.11,69.03,4.06,504.03,419.43,380.14,40.05,125.19
2023-05-14,8.64,29.49,71.54,3.08,505.79,439.82,314.54,42.98,136.3
2023-05-15,11.56,27.72,71.62,2.84,507.45,461.12,350.3,45.75,138.73
2023-05-16,9.03,29.34,67.58,2.79,508.86,462.23,372.21,48.1,145.32
2023-05-17,10.23,27.71,77.14,3.05,509.51,425.44,375.13,49.18,145.96
2023-05-18,12.85,27.03,74.19,2.64,510.76,459.17,373.06,51.27,156.35
2023-05-19,10.16,29.17,70.69,2.65,512.24,437.09,335.43,53.73,158.72
2023-05-20,9.03,28.72,71.08,3.26,513.83,444.75,346.23,56.38,163.87
2023-05-21,11.17,29.97,70.23,3.68,516.36,467.24,314.7,60.6,168.56
2023-05-22,13.92,30.33,71.29,3.57,517.65,430.79,355.03,62.75,177.26
2023-05-23,14.55,28.54,63.58,2.57,519.3,484.89,385.65,65.5,195.48
2023-05-24,10.26,29.66,66.8,3.81,520.34,464.61,359.62,67.23,193.4
2023-05-25,14.0,28.61,70.36,2.66,521.76,466.36,371.4,69.6,206.81
2023-05-26,11.94,30.21,73.27,4.05,523.9,523.39,379.52,73.17,214.28
2023-05-27,17.54,29.66,67.52,3.36,526.2,509.17,360.14,77.0,213.77
2023-05-28,11.27,28.43,70.15,3.72,529.04,522.41,319.89,81.73,215.61
2023-05-29,15.1,28.36,71.45,3.2,531.04,525.31,395.83,85.07,233.17
2023-05-30,12.94,29.87,73.45,3.55,532.92,520.76,377.0,88.2,252.27
2023-05-31,12.87,31.26,74.6,4.47,536.01,547.35,347.35,93.35,244.71
2023-06-01,16.97,30.92,72.2,3.41,537.91,516.26,375.11,96.52,261.4
2023-06-02,17.92,28.19,73.94,2.53,540.0,565.46,379.05,100.0,268.35
2023-06-03,12.67,28.39,71.6,3.48,540.0,620.47,409.48,100.0,275.27
2023-06-04,18.0,28.65,75.07,2.5,540.0,556.11,382.99,100.0,267.25
2023-06-05,15.36,28.83,75.56,2.79,540.0,632.84,394.5,100.0,269.12
2023-06-06,15.89,27.04,82.03,1.76,540.0,654.79,392.17,100.0,274.24
2023-06-07,14.37,30.98,71.18,4.44,540.0,584.53,362.14,100.0,272.11
2023-06-08,18.06,29.14,84.51,2.5,540.0,628.25,397.42,100.0,277.44
2023-06-09,26.3,30.54,75.69,3.29,540.0,608.15,380.29,100.0,276.75
2023-06-10,16.19,29.4,80.99,2.53,540.0,613.08,362.32,100.0,269.7
2023-06-11,21.29,29.86,77.41,3.2,540.0,669.5,376.48,100.0,267.74
2023-06-12,17.81,28.89,74.81,3.16,540.0,688.44,369.58,100.0,277.33
2023-06-13,17.25,29.9,83.43,3.64,540.0,670.15,410.54,100.0,288.81
2023-06-14,16.58,28.65,78.84,2.39,540.0,647.91,425.35,100.0,292.32
2023-06-15,23.32,29.94,81.23,3.0,540.0,675.41,412.75,100.0,285.43
2023-06-16,19.42,32.16,77.95,4.66,540.0,721.69,403.85,100.0,277.29
2023-06-17,18.67,30.77,77.08,4.15,540.0,730.63,396.07,100.0,274.77
2023-06-18,19.27,30.43,79.27,3.14,540.0,734.84,391.89,100.0,275.62
2023-06-19,22.01,28.02,69.11,3.16,540.0,725.17,376.21,100.0,280.44
2023-06-20,19.67,30.85,73.04,4.76,540.0,709.37,432.17,100.0,296.58
2023-06-21,19.35,31.0,82.07,2.94,540.0,776.22,382.23,100.0,262.63
2023-06-22,20.93,30.4,86.25,2.3,540.0,795.24,388.4,100.0,276.52
2023-06-23,21.19,30.31,87.32,2.94,540.0,751.3,394.5,100.0,259.25
2023-06-24,21.47,29.77,78.52,3.3,540.0,766.65,398.05,100.0,274.71
2023-06-25,21.31,30.95,82.9,3.1,540.0,743.55,408.47,100.0,276.41
2023-06-26,26.41,32.06,75.26,4.5,540.0,811.77,392.76,100.0,280.0
2023-06-27,35.38,30.44,86.9,3.36,540.0,880.24,376.27,100.0,263.19
2023-06-28,21.45,28.47,86.81,2.46,540.0,859.04,407.77,100.0,270.23
2023-06-29,21.13,28.57,83.47,2.62,540.0,896.79,414.3,100.0,279.53
2023-06-30,23.17,30.98,82.49,3.15,540.0,841.17,403.83,100.0,279.61
2023-07-01,21.74,28.42,84.14,3.25,540.0,817.1,399.44,100.0,266.08
2023-07-02,22.24,30.14,89.18,2.87,540.0,872.57,405.39,100.0,288.13
2023-07-03,23.55,29.29,84.01,2.46,540.0,848.67,381.79,100.0,271.17
2023-07-04,26.57,28.17,86.99,3.16,540.0,836.65,435.16,100.0,289.9
2023-07-05,24.53,30.99,91.27,3.12,540.0,913.7,445.01,100.0,300.0
2023-07-06,23.0,30.77,83.88,2.75,540.0,859.33,436.06,100.0,284.88
2023-07-07,25.0,27.64,80.14,3.61,540.0,856.29,383.38,100.0,283.46
2023-07-08,25.37,30.35,91.63,3.39,540.0,907.45,422.22,100.0,285.6
2023-07-09,25.63,30.09,90.54,3.08,540.0,863.38,398.45,100.0,283.48
2023-07-10,29.47,30.8,79.06,3.47,540.0,934.21,407.34,100.0,283.89
2023-07-11,28.97,29.75,87.64,2.92,540.0,894.01,391.62,100.0,280.55
2023-07-12,26.77,31.59,86.76,3.39,540.0,936.34,467.18,100.0,300.0
2023-07-13,34.67,29.2,96.31,2.52,540.0,957.04,413.31,100.0,279.43
2023-07-14,26.04,28.93,87.51,2.56,540.0,960.37,399.65,100.0,291.89
2023-07-15,26.89,27.82,89.0,2.48,540.0,921.17,414.26,100.0,282.87
2023-07-16,27.26,27.83,89.36,2.22,540.0,949.27,430.25,100.0,280.46
2023-07-17,25.54,27.63,86.17,2.68,540.0,989.77,417.5,100.0,294.33
2023-07-18,27.59,29.43,93.58,2.79,540.0,942.07,417.3,100.0,281.81
2023-07-19,25.7,28.64,84.77,2.52,540.0,920.58,428.47,100.0,275.51
2023-07-20,26.68,29.47,86.21,2.99,540.0,940.41,391.54,100.0,269.94
2023-07-21,28.2,27.09,89.51,2.61,540.0,923.86,410.92,100.0,268.23
2023-07-22,26.21,27.55,83.3,1.51,540.0,903.85,390.78,100.0,270.02
2023-07-23,28.9,27.45,96.86,2.5,540.0,957.83,395.36,100.0,289.25
2023-07-24,26.83,31.94,87.66,2.99,540.0,968.03,446.6,100.0,296.6
2023-07-25,27.53,28.36,92.35,2.34,540.0,985.58,411.58,100.0,282.11
2023-07-26,29.55,28.43,86.03,1.36,540.0,982.9,390.88,100.0,271.46
2023-07-27,28.14,28.34,92.19,2.85,540.0,990.34,410.16,100.0,280.73
2023-07-28,29.05,30.7,92.19,2.79,540.0,974.6,384.97,100.0,281.41
2023-07-29,29.42,25.87,94.37,1.64,540.0,1033.09,412.72,100.0,269.72
2023-07-30,28.12,28.11,97.03,2.41,540.0,959.67,391.6,100.0,296.31
2023-07-31,29.19,25.68,88.33,1.03,540.0,971.8,416.32,100.0,277.49
2023-08-01,27.1,24.45,89.33,1.71,540.0,1018.85,451.01,100.0,293.06
2023-08-02,29.47,26.83,86.9,2.67,540.0,967.36,400.13,100.0,277.35
2023-08-03,27.72,28.45,88.68,2.79,540.0,970.42,390.36,100.0,274.03
2023-08-04,32.21,26.54,94.05,1.87,540.0,988.34,406.76,100.0,275.9
2023-08-05,28.34,28.24,91.74,2.58,540.0,1004.32,436.23,100.0,296.19
2023-08-06,26.94,27.71,95.4,2.28,540.0,976.42,411.61,100.0,290.14
2023-08-07,29.12,27.24,91.76,2.69,540.0,947.94,393.25,100.0,282.95
2023-08-08,32.04,29.24,90.3,3.48,540.0,964.17,356.22,100.0,265.0
2023-08-09,26.73,26.35,84.6,2.09,540.0,976.38,397.37,100.0,273.46
2023-08-10,26.35,27.71,91.8,2.54,540.0,949.3,408.92,100.0,280.0
2023-08-11,27.62,24.33,89.14,1.32,540.0,942.82,410.6,100.0,281.23
2023-08-12,26.52,27.07,91.97,2.47,540.0,923.53,413.79,100.0,275.99
2023-08-13,28.25,26.43,87.5,2.46,540.0,966.87,379.6,100.0,273.13
2023-08-14,28.14,24.93,94.31,1.57,540.0,932.28,378.85,100.0,284.24
2023-08-15,24.72,27.19,88.89,2.64,540.0,925.64,382.52,100.0,271.63
2023-08-16,28.95,25.37,93.44,1.79,540.0,943.24,400.76,100.0,282.17
2023-08-17,24.91,28.96,88.2,2.82,540.0,884.99,371.56,100.0,264.7
2023-08-18,25.12,22.6,84.82,0.92,540.0,910.27,390.11,100.0,281.45
2023-08-19,26.56,26.5,86.33,2.37,540.0,939.31,375.27,100.0,265.89
2023-08-20,23.86,26.07,81.58,2.03,540.0,893.49,360.95,100.0,263.0
2023-08-21,24.17,25.47,87.59,2.42,540.0,887.53,395.35,100.0,280.56
2023-08-22,23.28,24.98,80.65,1.65,540.0,878.8,377.07,100.0,264.13
2023-08-23,27.64,25.75,89.03,2.15,540.0,898.7,387.72,100.0,277.51
2023-08-24,23.76,27.12,71.25,2.76,540.0,866.82,362.86,100.0,273.86
2023-08-25,22.41,22.89,89.53,1.42,540.0,915.13,389.28,100.0,276.13
2023-08-26,22.18,24.07,81.26,1.8,540.0,849.82,341.12,100.0,265.61
2023-08-27,25.87,23.57,83.31,1.23,540.0,830.95,340.45,100.0,250.27
2023-08-28,21.96,23.38,90.92,1.91,540.0,864.09,381.3,100.0,275.56
2023-08-29,22.16,25.41,86.0,1.58,540.0,811.88,352.19,100.0,259.89
2023-08-30,22.83,25.65,88.11,2.34,540.0,796.14,345.27,100.0,263.55
2023-08-31,21.82,26.23,79.93,1.56,540.0,774.04,327.46,100.0,266.21
2023-09-01,19.98,25.41,87.11,1.84,540.0,799.4,364.71,100.0,246.2
2023-09-02,23.41,25.4,83.88,2.85,540.0,771.33,380.69,100.0,267.89
2023-09-03,21.0,22.12,84.72,1.1,540.0,754.41,351.96,100.0,246.97
2023-09-04,21.86,26.33,89.08,2.21,540.0,751.01,329.29,100.0,247.11
2023-09-05,22.68,23.66,79.38,2.58,540.0,750.26,364.86,100.0,263.82
2023-09-06,18.29,25.39,85.19,1.97,540.0,770.2,346.28,100.0,267.2
2023-09-07,22.05,21.64,85.49,1.22,540.0,752.0,326.67,100.0,260.54
2023-09-08,30.47,23.21,85.77,1.78,540.0,744.11,358.64,100.0,270.6
2023-09-09,20.49,24.85,77.53,1.45,540.0,752.19,329.71,100.0,259.78
2023-09-10,23.35,23.34,82.38,1.37,540.0,729.19,300.0,100.0,236.94
2023-09-11,21.58,22.04,79.45,1.44,540.0,734.87,322.34,100.0,259.11
2023-09-12,20.24,24.99,85.82,1.12,540.0,702.73,333.5,100.0,252.33
2023-09-13,21.05,21.14,82.68,1.74,540.0,680.47,304.16,100.0,250.79
2023-09-14,21.42,22.73,79.04,1.94,540.0,694.78,282.21,100.0,234.18
2023-09-15,21.27,23.58,75.44,2.19,540.0,684.12,346.45,100.0,259.97
2023-09-16,15.39,25.63,76.13,3.03,540.0,688.29,376.57,100.0,270.43
2023-09-17,19.96,21.66,85.7,1.46,540.0,667.7,303.1,100.0,249.74
2023-09-18,15.97,21.79,79.32,1.2,540.0,627.48,293.0,100.0,238.2
2023-09-19,20.11,21.4,79.68,0.39,540.0,598.42,273.32,100.0,242.39
2023-09-20,17.06,22.29,85.46,0.92,540.0,638.53,288.88,100.0,233.56
2023-09-21,13.73,22.68,75.3,1.33,540.0,614.93,270.24,100.0,248.67
2023-09-22,19.81,23.3,75.72,2.11,540.0,623.52,275.03,100.0,233.04
2023-09-23,13.57,22.65,78.02,1.61,540.0,599.88,296.67,100.0,231.55
2023-09-24,13.94,20.63,78.59,0.27,540.0,616.68,266.62,100.0,235.1
2023-09-25,20.13,22.46,76.24,2.01,540.0,564.16,260.02,100.0,230.6
2023-09-26,14.24,21.24,73.15,2.03,540.0,564.59,292.66,100.0,237.54
2023-09-27,12.94,22.09,81.1,2.08,540.0,565.59,275.39,100.0,247.84
2023-09-28,13.15,22.04,73.43,0.99,540.0,560.07,293.13,100.0,249.4
2023-09-29,12.3,23.14,68.43,2.14,540.0,537.48,274.87,100.0,241.49
2023-09-30,14.93,20.03,76.74,0.45,540.0,474.74,267.68,100.0,229.26
2023-10-01,11.77,19.61,78.16,1.78,540.0,459.99,283.9,100.0,237.44
2023-10-02,12.05,20.96,73.27,1.31,540.0,486.85,260.47,100.0,229.35
2023-10-03,13.35,21.93,76.16,1.26,540.0,491.19,285.42,100.0,228.85
2023-10-04,12.73,20.11,69.87,0.9,540.0,438.58,254.07,100.0,233.48
2023-10-05,10.13,21.76,74.79,1.61,540.0,470.9,250.05,100.0,232.7
2023-10-06,13.31,20.79,69.77,1.61,540.0,484.55,246.19,100.0,229.9
2023-10-07,9.84,19.32,73.62,0.2,540.0,457.52,229.66,100.0,225.33
2023-10-08,8.95,20.34,74.56,1.8,540.0,453.73,236.59,100.0,218.03
2023-10-09,8.18,18.71,71.82,1.01,540.0,448.27,224.3,100.0,215.76
2023-10-10,9.68,19.59,66.58,1.84,540.0,387.45,229.96,100.0,221.62
2023-10-11,7.78,17.5,66.38,1.49,540.0,429.69,271.82,100.0,246.97
2023-10-12,8.21,18.88,77.04,0.61,540.0,387.29,248.1,100.0,237.8
2023-10-13,9.3,20.35,67.35,1.75,540.0,395.21,240.94,100.0,230.98
2023-10-14,12.61,19.88,74.71,0.69,540.0,386.83,232.86,100.0,238.87
2023-10-15,8.34,19.53,70.29,0.79,540.0,423.28,249.79,100.0,233.77
2023-10-16,6.78,18.91,65.13,1.81,540.0,360.87,241.93,100.0,232.13
2023-10-17,8.26,18.59,67.47,0.5,540.0,420.26,227.22,100.0,233.31
2023-10-18,11.6,16.33,78.19,0.2,540.0,444.78,261.77,100.0,238.92
2023-10-19,7.49,17.8,83.04,0.2,540.0,333.72,228.64,100.0,234.95
2023-10-20,12.18,18.26,69.33,0.41,540.0,359.82,244.34,100.0,228.65
2023-10-21,7.66,16.18,67.65,0.2,540.0,387.14,241.2,100.0,222.96
2023-10-22,9.42,15.13,63.44,0.85,540.0,344.91,206.49,100.0,215.63
2023-10-23,7.86,19.33,61.3,1.5,540.0,353.14,261.48,100.0,235.62
2023-10-24,11.23,17.6,66.12,1.09,540.0,366.62,236.63,100.0,219.64
2023-10-25,15.39,17.72,69.19,0.2,540.0,345.95,225.81,100.0,217.52
2023-10-26,5.99,18.13,66.78,0.8,540.0,359.67,246.28,100.0,226.11
2023-10-27,7.08,15.71,70.6,0.2,540.0,374.23,213.09,100.0,210.73
2023-10-28,10.06,16.47,69.48,0.53,540.0,348.82,200.38,100.0,210.22
2023-10-29,7.02,19.23,69.18,2.19,540.0,314.93,237.37,100.0,231.36
2023-10-30,4.16,16.13,63.49,0.2,540.0,349.02,253.76,100.0,237.03
2023-10-31,5.59,16.36,65.97,0.56,540.0,351.05,236.34,100.0,216.06
2023-11-01,6.6,15.65,65.23,1.31,540.0,321.94,241.87,100.0,229.82
2023-11-02,11.32,15.44,63.38,0.2,540.0,287.47,194.77,100.0,212.05
2023-11-03,6.01,18.11,57.44,1.13,540.0,285.82,212.2,100.0,225.49
2023-11-04,4.24,12.64,63.41,0.2,540.0,246.15,199.82,100.0,212.27
2023-11-05,6.19,15.57,55.89,0.2,540.0,289.08,239.54,100.0,218.23
2023-11-06,10.28,16.5,62.46,0.63,540.0,334.07,235.2,100.0,222.11
2023-11-07,4.24,18.62,65.95,0.53,540.0,276.74,236.94,100.0,217.69
2023-11-08,4.32,14.28,65.66,0.87,540.0,265.08,201.82,100.0,199.01
2023-11-09,4.07,13.93,64.86,0.2,540.0,312.19,198.25,100.0,213.28
2023-11-10,3.24,14.51,68.83,0.2,540.0,308.69,246.58,100.0,232.81
2023-11-11,5.11,16.77,61.11,1.03,540.0,256.32,212.33,100.0,219.48
2023-11-12,4.77,15.82,66.74,0.45,540.0,281.47,236.56,100.0,216.96
2023-11-13,2.73,13.38,60.55,0.23,540.0,242.74,207.85,100.0,207.27
2023-11-14,3.39,15.62,64.33,1.18,539.78,253.09,254.49,99.63,232.5
2023-11-15,5.09,17.72,63.73,0.48,539.84,217.5,228.37,99.73,234.7
2023-11-16,6.4,15.71,64.93,1.09,540.0,272.53,209.61,100.0,226.36
2023-11-17,7.28,15.48,62.84,1.17,540.0,263.5,211.63,100.0,215.89
2023-11-18,6.54,15.5,65.22,0.2,540.0,253.97,210.06,100.0,218.93
2023-11-19,4.4,15.72,64.48,0.2,540.0,268.74,188.87,100.0,217.03
2023-11-20,2.41,13.13,57.01,0.2,540.0,260.09,200.48,100.0,213.36
2023-11-21,3.83,14.61,66.13,0.2,540.0,239.45,195.7,100.0,203.43
2023-11-22,1.95,14.63,56.9,1.06,540.0,260.41,214.5,100.0,199.13
2023-11-23,4.63,14.11,59.44,0.2,540.0,238.83,190.19,100.0,212.34
2023-11-24,2.99,15.8,62.64,0.44,540.0,239.61,203.49,100.0,213.94
2023-11-25,1.87,13.76,64.11,0.2,540.0,204.58,193.82,100.0,200.29
2023-11-26,4.95,14.12,63.61,0.2,540.0,238.79,207.72,100.0,206.7
2023-11-27,8.77,12.72,65.87,0.52,539.97,247.46,236.81,99.95,224.1
2023-11-28,1.95,15.12,56.46,1.25,539.78,226.15,226.12,99.63,218.07
2023-11-29,5.06,15.92,59.81,0.62,540.0,262.57,183.44,100.0,218.92
2023-11-30,3.14,13.92,53.43,0.44,539.85,197.84,198.9,99.75,223.33
2023-12-01,2.57,15.62,57.12,0.68,540.0,233.94,199.31,100.0,208.04
2023-12-02,2.54,14.15,55.76,0.2,540.0,243.08,193.83,100.0,222.77
2023-12-03,3.05,10.54,62.37,0.2,540.0,288.89,256.75,100.0,243.76
2023-12-04,3.01,14.21,70.53,0.35,540.0,198.38,189.64,100.0,212.94
2023-12-05,3.66,13.99,64.39,0.2,540.0,234.98,196.6,100.0,206.61
2023-12-06,2.32,14.38,51.63,0.2,540.0,245.5,242.52,100.0,228.7
2023-12-07,2.53,14.57,54.48,0.2,540.0,232.84,225.03,100.0,207.37
2023-12-08,5.08,13.14,56.72,0.2,539.96,203.2,192.48,99.93,207.56
2023-12-09,2.16,16.34,52.68,0.74,539.96,220.08,219.24,99.93,222.13
2023-12-10,4.23,14.01,60.02,0.52,539.79,171.6,192.14,99.65,213.75
2023-12-11,2.94,13.79,61.54,0.2,540.0,233.31,202.92,100.0,212.04
2023-12-12,2.6,15.19,54.83,0.2,540.0,197.53,185.11,100.0,209.93
2023-12-13,10.11,14.08,62.37,0.2,540.0,252.0,160.95,100.0,194.54
2023-12-14,1.75,17.89,59.59,1.43,540.0,223.26,177.05,100.0,216.7
2023-12-15,8.69,13.71,65.47,0.2,540.0,227.72,184.38,100.0,219.34
2023-12-16,5.83,14.54,61.84,0.2,540.0,254.88,219.2,100.0,225.35
2023-12-17,2.4,12.89,61.59,0.2,540.0,256.61,214.45,100.0,216.98
2023-12-18,5.91,15.31,60.74,0.2,540.0,264.9,234.66,100.0,219.58
2023-12-19,1.17,14.46,55.13,0.37,540.0,235.39,184.77,100.0,215.25
2023-12-20,2.25,13.49,56.67,0.2,539.89,228.74,243.92,99.82,229.25
2023-12-21,1.99,12.69,54.65,0.2,539.32,190.35,236.67,98.87,216.76
2023-12-22,4.4,12.04,67.04,0.29,540.0,264.21,214.95,100.0,226.42
2023-12-23,5.32,14.64,54.7,0.2,540.0,203.5,191.8,100.0,208.45
2023-12-24,4.34,11.94,64.76,0.2,540.0,249.86,200.2,100.0,208.23
2023-12-25,3.72,16.0,53.6,0.35,540.0,252.23,217.64,100.0,226.51
2023-12-26,6.09,12.15,64.56,0.2,539.98,250.32,251.48,99.97,225.16
2023-12-27,5.54,13.79,64.62,0.89,540.0,236.06,210.25,100.0,218.39
2023-12-28,2.27,12.76,64.3,0.63,540.0,227.9,179.76,100.0,216.7
2023-12-29,2.41,14.15,55.12,0.2,539.61,232.14,250.43,99.35,237.39
2023-12-30,5.32,14.16,61.06,0.59,539.43,188.59,198.49,99.05,214.36
2023-12-31,3.29,14.82,56.96,0.54,539.26,230.93,242.45,98.77,217.2
2024-01-01,3.37,11.89,55.89,0.37,539.78,263.81,231.36,99.63,220.09
2024-01-02,3.66,13.06,59.38,0.2,540.0,223.25,210.34,100.0,234.45
2024-01-03,1.23,15.7,60.7,0.57,539.76,226.19,233.64,99.6,230.87
2024-01-04,2.13,15.26,55.56,1.1,539.62,196.3,195.72,99.37,210.05
2024-01-05,4.51,10.56,61.63,0.2,539.71,228.5,210.02,99.52,207.71
2024-01-06,2.12,14.92,54.42,0.42,539.68,202.41,201.92,99.47,200.54
2024-01-07,2.86,12.84,54.8,0.2,539.98,241.83,215.06,99.97,227.49
2024-01-08,4.49,13.55,58.12,0.2,540.0,254.33,232.55,100.0,233.31
2024-01-09,6.22,14.14,58.88,0.2,540.0,266.34,234.85,100.0,225.14
2024-01-10,6.72,16.87,61.99,1.0,540.0,199.8,183.62,100.0,206.08
2024-01-11,6.97,13.02,55.58,0.2,540.0,261.71,213.99,100.0,226.65
2024-01-12,3.03,12.53,67.8,0.2,540.0,260.1,217.89,100.0,209.61
2024-01-13,2.84,15.36,51.07,0.55,539.97,230.91,233.2,99.95,238.77
2024-01-14,1.62,14.7,58.87,0.2,540.0,263.75,199.12,100.0,219.1
2024-01-15,8.13,16.61,58.86,0.79,540.0,246.55,239.4,100.0,218.09
2024-01-16,2.76,14.33,55.95,0.46,540.0,263.79,206.07,100.0,221.67
2024-01-17,8.01,16.74,59.22,0.22,539.58,205.74,225.62,99.3,216.31
2024-01-18,4.01,15.02,61.54,0.2,539.07,221.46,246.07,98.45,216.58
2024-01-19,6.41,15.85,62.88,0.2,540.0,249.32,204.2,100.0,221.04
2024-01-20,3.17,17.57,56.89,0.83,540.0,268.36,237.22,100.0,218.43
2024-01-21,4.79,14.95,60.53,0.2,540.0,253.68,227.28,100.0,213.62
2024-01-22,6.56,16.84,54.04,0.7,540.0,216.28,206.64,100.0,219.74
2024-01-23,2.42,14.43,57.7,0.94,540.0,281.87,212.36,100.0,217.46
2024-01-24,7.0,15.77,61.45,0.2,540.0,231.04,215.92,100.0,226.41
2024-01-25,1.73,13.34,49.37,0.2,539.76,213.21,212.03,99.6,215.22
2024-01-26,9.7,14.83,61.58,0.2,539.63,224.61,226.69,99.38,218.86
2024-01-27,3.67,14.09,58.41,0.2,539.44,206.07,220.36,99.07,204.71
2024-01-28,2.16,17.59,62.52,1.67,538.68,182.79,234.75,97.8,224.59
2024-01-29,5.57,18.45,59.23,1.79,538.42,233.78,250.98,97.37,225.2
2024-01-30,4.13,15.4,60.83,0.2,538.31,201.69,200.31,97.18,217.4
2024-01-31,1.25,14.86,56.85,0.2,538.28,234.89,231.76,97.13,224.16
2024-02-01,2.59,14.15,61.23,0.2,538.75,249.95,220.94,97.92,219.27
2024-02-02,1.78,16.61,59.9,0.2,539.01,234.17,216.79,98.35,211.35
2024-02-03,1.87,15.4,52.84,0.2,539.31,219.95,205.91,98.85,211.05
2024-02-04,1.83,15.58,59.26,0.74,538.85,176.68,198.88,98.08,214.15
2024-02-05,4.66,18.95,62.88,1.77,539.04,241.83,232.06,98.4,221.03
2024-02-06,5.86,16.16,63.42,0.2,539.24,274.6,256.17,98.73,239.63
2024-02-07,2.06,17.59,57.67,1.11,539.29,261.62,255.11,98.82,238.73
2024-02-08,11.25,16.89,62.75,0.2,539.12,208.2,219.22,98.53,215.83
2024-02-09,3.71,14.88,62.73,0.2,539.2,242.55,223.31,98.67,219.79
2024-02-10,5.61,14.26,55.48,0.2,539.02,238.99,251.62,98.37,221.96
2024-02-11,2.96,17.86,59.82,1.11,539.06,231.51,238.06,98.43,222.65
2024-02-12,1.12,19.8,48.74,2.59,538.51,240.68,266.85,97.52,237.26
2024-02-13,4.37,17.83,61.99,1.88,539.45,283.17,234.2,99.08,219.6
2024-02-14,9.05,18.4,58.73,0.95,539.76,240.32,213.83,99.6,215.33
2024-02-15,2.25,16.22,57.88,1.02,539.22,221.21,261.37,98.7,223.1
2024-02-16,1.65,19.22,54.9,1.57,539.4,237.73,214.8,99.0,213.13
2024-02-17,5.81,19.32,58.62,1.32,539.42,205.02,219.79,99.03,223.02
2024-02-18,4.15,16.89,59.9,0.66,539.01,219.67,238.53,98.35,221.66
2024-02-19,7.06,18.87,62.49,1.02,539.12,259.12,253.15,98.53,220.28
2024-02-20,3.4,15.52,64.25,0.2,538.63,241.09,269.19,97.72,233.24
2024-02-21,5.2,19.38,58.84,2.16,539.34,294.69,245.94,98.9,226.42
2024-02-22,2.59,17.56,51.54,1.2,538.71,243.78,285.97,97.85,245.16
2024-02-23,1.73,16.7,63.36,1.4,538.33,202.17,224.08,97.22,215.64
2024-02-24,5.22,19.27,52.91,1.03,537.41,190.86,246.29,95.68,213.54
2024-02-25,5.9,16.13,58.36,0.2,537.07,259.64,281.68,95.12,237.01
2024-02-26,2.33,19.43,55.71,1.2,535.98,204.09,275.44,93.3,217.81
2024-02-27,8.57,17.34,60.88,0.34,536.18,211.55,200.83,93.63,193.54
2024-02-28,8.73,17.15,55.95,0.2,535.03,238.3,319.13,91.72,227.06
2024-02-29,1.92,19.39,52.4,2.18,535.2,270.95,264.46,92.0,214.35
2024-03-01,1.98,19.17,57.7,0.64,534.66,230.74,271.47,91.1,205.64
2024-03-02,2.03,21.75,53.89,2.36,534.06,218.59,258.44,90.1,200.9
2024-03-03,3.19,17.76,64.18,1.77,533.21,261.52,315.29,88.68,232.06
2024-03-04,2.74,21.89,55.22,1.49,532.27,247.87,297.36,87.12,216.87
2024-03-05,1.64,18.25,54.02,1.08,531.47,263.27,317.06,85.78,219.62
2024-03-06,2.1,21.47,64.09,2.37,531.16,255.79,284.28,85.27,210.07
2024-03-07,1.26,21.88,58.88,1.75,530.37,247.49,292.84,83.95,214.03
2024-03-08,1.31,20.84,68.26,1.58,529.56,199.48,247.53,82.6,189.14
2024-03-09,1.56,19.31,50.32,1.89,529.16,233.13,269.2,81.93,203.34
2024-03-10,11.02,18.35,62.98,1.03,528.81,262.32,298.14,81.35,206.8
2024-03-11,10.17,17.84,63.97,0.57,528.71,291.57,291.65,81.18,197.21
2024-03-12,5.58,23.68,58.61,2.02,528.6,256.69,283.18,81.0,205.51
2024-03-13,2.51,20.59,56.82,1.15,528.31,242.39,264.42,80.52,195.64
2024-03-14,1.62,19.52,63.29,1.53,527.36,233.05,302.85,78.93,194.77
2024-03-15,3.58,19.6,61.01,0.99,526.7,268.13,308.83,77.83,194.5
2024-03-16,4.72,21.7,52.29,2.7,525.49,218.68,300.22,75.82,198.11
2024-03-17,2.38,20.99,54.92,2.64,524.7,233.35,288.41,74.5,196.09
2024-03-18,4.61,18.85,55.36,0.72,523.56,212.5,280.63,72.6,185.07
2024-03-19,1.96,23.16,57.26,2.69,522.61,231.57,306.75,71.02,192.3
2024-03-20,2.68,22.5,62.11,3.04,521.68,245.61,306.09,69.47,191.21
2024-03-21,3.23,24.9,56.38,2.36,521.15,239.54,269.56,68.58,170.57
2024-03-22,10.6,23.99,60.2,3.04,520.48,265.0,298.52,67.47,177.68
2024-03-23,2.4,17.77,55.97,1.29,519.21,209.29,297.95,65.35,176.58
2024-03-24,4.91,24.68,61.96,3.04,518.74,246.11,277.8,64.57,157.71
2024-03-25,2.31,24.5,62.96,2.11,517.54,237.38,308.97,62.57,175.6
2024-03-26,2.21,21.72,58.79,2.87,516.33,223.68,304.13,60.55,172.52
2024-03-27,2.65,22.31,65.34,1.53,515.41,217.55,281.46,59.02,149.83
2024-03-28,4.02,23.72,57.08,2.79,514.65,217.35,263.54,57.75,168.8
2024-03-29,9.91,21.71,56.74,1.94,513.9,257.31,309.3,56.5,160.88
2024-03-30,2.95,23.01,62.48,2.4,512.72,260.5,338.25,54.53,155.63
2024-03-31,6.62,25.01,59.86,2.21,512.26,280.4,307.95,53.77,134.61
2024-04-01,11.3,24.42,60.08,1.94,511.61,281.55,316.72,52.68,147.84
2024-04-02,4.78,22.78,60.72,2.27,511.59,279.59,281.17,52.65,144.63
2024-04-03,7.49,25.44,54.48,2.79,510.89,274.83,303.67,51.48,145.59
2024-04-04,2.94,24.5,52.42,2.6,510.82,290.9,305.67,51.37,134.38
2024-04-05,5.34,24.58,60.84,2.84,510.04,220.51,280.46,50.07,131.54
2024-04-06,6.16,23.54,62.98,1.5,509.16,264.76,314.45,48.6,143.93
2024-04-07,2.59,24.43,65.26,3.0,508.31,272.01,315.6,47.18,140.43
2024-04-08,3.07,23.41,63.87,2.25,508.38,303.15,307.17,47.3,141.66
2024-04-09,4.0,21.79,63.86,2.16,507.3,233.79,303.2,45.5,131.35
2024-04-10,3.42,24.41,65.53,2.65,505.58,231.38,344.94,42.63,130.89
2024-04-11,4.35,24.77,62.82,2.85,504.28,201.99,287.84,40.47,120.92
2024-04-12,2.86,25.29,58.88,2.21,503.26,226.11,282.02,38.77,113.55
2024-04-13,11.37,27.03,66.94,3.58,503.07,272.13,289.19,38.45,102.6
2024-04-14,7.91,24.36,66.37,2.49,502.34,265.91,317.1,37.23,125.48
2024-04-15,24.0,24.91,69.26,2.16,502.82,300.21,267.1,38.03,115.6
2024-04-16,3.37,26.74,55.85,3.2,502.65,319.85,311.45,37.75,118.09
2024-04-17,6.36,24.58,55.52,2.91,503.22,341.51,306.24,38.7,106.82
2024-04-18,4.11,26.06,64.86,2.91,503.19,317.82,321.61,38.65,124.47
2024-04-19,3.77,25.34,63.65,2.97,503.04,313.81,321.77,38.4,115.01
2024-04-20,8.26,25.7,66.08,3.52,502.71,300.39,328.38,37.85,123.66
2024-04-21,5.79,27.32,65.83,2.59,501.68,250.79,327.01,36.13,117.68
2024-04-22,5.08,25.74,59.08,3.29,501.01,300.32,345.6,35.02,111.61
2024-04-23,6.58,27.61,55.39,3.44,500.59,301.8,316.54,34.32,115.75
2024-04-24,4.62,23.6,65.57,2.75,500.35,307.59,311.76,33.92,98.52
2024-04-25,4.71,24.5,68.25,3.14,499.5,290.31,340.15,32.5,107.97
2024-04-26,5.1,23.28,65.58,2.2,499.59,301.61,292.19,32.65,113.11
2024-04-27,9.95,25.12,59.81,3.05,499.41,327.64,344.99,32.35,111.29
2024-04-28,9.72,29.76,65.44,4.33,499.82,365.97,339.0,33.03,115.01
2024-04-29,4.9,27.06,59.06,3.74,499.07,287.16,333.84,31.78,105.69
2024-04-30,13.06,26.11,61.14,3.57,499.37,360.46,343.68,32.28,107.41
2024-05-01,6.96,28.47,64.34,3.29,499.86,383.06,343.0,33.1,100.76
2024-05-02,8.25,28.78,65.65,3.22,499.71,321.72,335.1,32.85,106.59
2024-05-03,6.13,25.67,64.91,2.15,500.22,346.96,313.61,33.7,111.36
2024-05-04,7.58,31.34,66.15,4.0,500.85,366.45,326.18,34.75,103.02
2024-05-05,6.02,28.11,61.8,3.38,501.26,402.45,380.59,35.43,113.14
2024-05-06,6.58,28.39,65.66,3.31,501.98,410.01,360.07,36.63,122.68
2024-05-07,10.46,28.63,65.08,3.7,501.34,331.62,356.47,35.57,122.56
2024-05-08,10.74,28.72,66.32,3.7,501.73,367.5,334.13,36.22,129.16
2024-05-09,9.68,27.13,68.68,2.94,502.43,387.81,346.05,37.38,117.49
2024-05-10,7.88,31.32,70.1,4.15,503.03,404.25,357.82,38.38,121.7
2024-05-11,7.07,27.81,67.99,3.58,503.36,400.8,371.23,38.93,132.55
2024-05-12,13.2,29.76,71.42,3.15,503.95,381.24,341.46,39.92,128.43
2024-05-13,12.09,27.7,69.38,3.56,504.53,387.19,355.25,40.88,126.96
2024-05-14,7.42,27.51,69.71,2.73,504.81,374.87,358.37,41.35,130.13
2024-05-15,12.33,31.42,72.93,4.64,505.16,375.14,363.17,41.93,128.04
2024-05-16,9.33,28.49,76.23,3.17,505.96,395.43,343.75,43.27,124.26
2024-05-17,12.15,28.67,74.87,3.2,507.23,467.27,384.43,45.38,143.06
2024-05-18,8.58,29.22,68.46,2.61,509.08,455.87,328.86,48.47,152.1
2024-05-19,9.62,32.77,72.85,4.59,510.74,461.08,335.71,51.23,143.81
2024-05-20,11.26,32.19,71.55,4.2,511.93,445.69,365.79,53.22,148.96
2024-05-21,17.8,30.93,70.17,3.96,513.41,469.62,369.03,55.68,158.34
2024-05-22,11.8,33.35,71.97,4.38,515.17,469.33,355.36,58.62,173.1
2024-05-23,15.2,27.72,68.5,3.44,516.74,453.02,348.9,61.23,176.99
2024-05-24,12.68,30.18,73.78,3.99,519.15,519.95,359.33,65.25,194.35
2024-05-25,12.87,29.37,79.1,3.46,521.99,533.93,352.12,69.98,202.06
2024-05-26,14.08,26.66,76.93,3.27,523.77,484.27,361.84,72.95,205.86
2024-05-27,12.89,30.06,77.18,3.09,526.24,492.46,332.91,77.07,210.38
2024-05-28,15.59,28.68,72.63,2.94,528.53,537.23,393.44,80.88,225.3
2024-05-29,11.98,31.77,73.95,4.18,530.88,542.54,379.26,84.8,240.79
2024-05-30,13.81,28.93,76.65,3.51,533.21,560.53,400.21,88.68,250.42
2024-05-31,21.27,28.89,75.89,3.45,536.29,595.88,382.86,93.82,264.26
2024-06-01,18.07,31.91,77.91,3.25,538.76,549.29,371.88,97.93,267.51
2024-06-02,15.62,29.55,76.97,2.73,540.0,580.71,379.81,100.0,268.63
2024-06-03,18.08,31.43,78.61,3.66,540.0,574.55,362.33,100.0,258.63
2024-06-04,20.76,30.36,73.35,2.74,540.0,594.58,354.38,100.0,260.28
2024-06-05,13.64,30.42,79.96,3.59,540.0,602.01,360.58,100.0,267.07
2024-06-06,15.61,29.43,77.99,3.23,540.0,652.05,379.14,100.0,266.02
2024-06-07,15.32,30.58,75.5,3.17,540.0,650.44,369.63,100.0,267.61
2024-06-08,14.91,29.65,75.96,3.11,540.0,623.19,410.03,100.0,289.26
2024-06-09,25.21,28.67,80.84,3.05,540.0,585.62,363.15,100.0,274.82
2024-06-10,19.0,29.74,75.12,2.68,540.0,665.28,396.9,100.0,280.78
2024-06-11,20.58,31.85,83.43,3.41,540.0,680.05,402.73,100.0,288.85
2024-06-12,17.05,30.74,81.68,3.35,540.0,657.64,412.22,100.0,273.5
2024-06-13,17.91,31.11,82.42,3.4,540.0,713.96,409.31,100.0,290.5
2024-06-14,18.82,29.97,85.3,3.05,540.0,666.56,384.85,100.0,264.05
2024-06-15,20.14,27.07,81.63,3.25,540.0,720.3,430.23,100.0,288.21
2024-06-16,21.65,28.16,74.76,3.52,540.0,714.74,370.11,100.0,263.14
2024-06-17,21.75,29.56,83.74,2.81,540.0,687.1,371.74,100.0,274.53
2024-06-18,19.7,28.3,83.37,2.31,540.0,724.76,400.27,100.0,267.56
2024-06-19,25.99,29.21,89.69,2.66,540.0,756.18,401.97,100.0,266.71
2024-06-20,25.15,29.16,87.7,3.52,540.0,775.34,419.12,100.0,279.99
2024-06-21,21.85,29.2,82.79,2.0,540.0,801.18,409.49,100.0,276.4
2024-06-22,21.56,32.15,80.88,3.9,540.0,811.13,414.77,100.0,279.18
2024-06-23,21.2,29.9,86.21,2.98,540.0,785.68,423.09,100.0,281.12
2024-06-24,23.11,31.38,72.1,4.53,540.0,808.0,408.91,100.0,286.1
2024-06-25,26.48,30.21,85.59,3.73,540.0,843.24,424.54,100.0,285.72
2024-06-26,22.87,32.07,86.6,2.94,540.0,786.01,386.8,100.0,285.04
2024-06-27,22.04,31.46,82.37,4.24,540.0,803.74,390.31,100.0,276.94
2024-06-28,23.42,29.02,82.8,1.85,540.0,787.7,418.84,100.0,290.66
2024-06-29,24.38,32.83,84.93,4.22,540.0,821.79,408.25,100.0,285.14
2024-06-30,22.25,29.18,89.56,3.21,540.0,842.28,411.78,100.0,275.92
2024-07-01,22.33,30.14,85.89,4.05,540.0,789.57,386.08,100.0,270.32
2024-07-02,23.52,30.37,81.95,3.5,540.0,861.82,402.07,100.0,286.05
2024-07-03,30.23,30.51,92.33,2.78,540.0,855.88,414.53,100.0,270.66
2024-07-04,28.79,30.94,92.56,2.7,540.0,878.91,405.66,100.0,283.65
2024-07-05,23.26,28.57,82.33,3.65,540.0,858.44,390.78,100.0,274.22
2024-07-06,24.03,30.74,96.56,3.89,540.0,893.22,395.62,100.0,271.81
2024-07-07,27.83,30.5,87.09,3.04,540.0,949.86,407.76,100.0,279.06
2024-07-08,25.2,29.59,90.25,2.95,540.0,894.86,404.85,100.0,291.33
2024-07-09,27.35,29.26,90.45,3.53,540.0,852.05,399.03,100.0,266.05
2024-07-10,24.43,28.28,84.0,3.18,540.0,944.2,449.09,100.0,285.66
2024-07-11,26.64,30.17,85.42,3.14,540.0,936.0,434.3,100.0,275.88
2024-07-12,26.61,28.4,88.12,2.33,540.0,927.03,419.73,100.0,281.7
2024-07-13,29.76,29.7,81.34,2.81,540.0,950.14,453.8,100.0,291.33
2024-07-14,28.12,29.13,91.72,3.26,540.0,942.98,412.46,100.0,283.55
2024-07-15,27.63,27.23,81.32,2.43,540.0,990.62,430.7,100.0,284.93
2024-07-16,25.36,27.77,87.98,2.35,540.0,969.56,423.87,100.0,289.25
2024-07-17,34.87,29.71,88.53,3.33,540.0,955.58,423.89,100.0,280.59
2024-07-18,29.54,28.25,91.91,2.6,540.0,1006.72,406.38,100.0,295.16
2024-07-19,26.61,28.14,79.71,3.09,540.0,1015.02,415.73,100.0,287.79
2024-07-20,28.2,27.76,82.68,2.55,540.0,995.46,401.87,100.0,282.64
2024-07-21,27.3,27.74,86.64,2.4,540.0,987.99,424.34,100.0,290.63
2024-07-22,27.7,31.23,90.26,2.98,540.0,946.74,409.25,100.0,274.08
2024-07-23,31.87,27.01,92.04,2.6,540.0,990.44,377.28,100.0,269.41
2024-07-24,26.74,30.82,92.2,3.23,540.0,984.43,423.46,100.0,284.54
2024-07-25,30.24,28.04,90.68,2.69,540.0,978.27,415.76,100.0,280.19
2024-07-26,32.2,27.47,91.15,1.87,540.0,1004.94,448.66,100.0,291.62
2024-07-27,29.75,28.95,85.53,3.27,540.0,993.32,430.51,100.0,294.03
2024-07-28,28.01,28.36,88.4,2.84,540.0,998.82,434.18,100.0,288.99
2024-07-29,27.02,27.9,88.96,2.92,540.0,1011.31,390.34,100.0,277.43
2024-07-30,27.16,28.44,80.7,3.11,540.0,946.8,424.72,100.0,274.54
2024-07-31,28.59,28.08,86.02,2.83,540.0,948.01,397.74,100.0,265.47
2024-08-01,28.35,27.61,91.45,1.5,540.0,947.63,386.84,100.0,267.6
2024-08-02,30.59,29.24,90.7,3.41,540.0,1021.85,363.98,100.0,278.34
2024-08-03,26.17,25.57,88.26,1.33,540.0,986.35,430.91,100.0,300.0
2024-08-04,31.67,26.27,88.79,2.67,540.0,994.14,399.19,100.0,285.05
2024-08-05,40.06,26.36,87.52,2.18,540.0,1020.56,405.46,100.0,277.42
2024-08-06,27.7,25.86,80.94,1.48,540.0,962.85,404.72,100.0,282.93
2024-08-07,27.28,27.47,87.7,2.44,540.0,930.24,429.7,100.0,296.8
2024-08-08,27.33,28.0,94.67,1.66,540.0,978.7,394.25,100.0,289.56
2024-08-09,27.69,24.19,90.07,2.15,540.0,993.32,399.69,100.0,270.28
2024-08-10,26.73,26.32,92.9,1.79,540.0,941.35,410.6,100.0,283.26
2024-08-11,24.97,26.44,83.28,1.84,540.0,904.17,379.09,100.0,269.46
2024-08-12,26.67,26.38,89.72,2.48,540.0,911.07,368.1,100.0,272.29
2024-08-13,27.17,24.77,86.35,1.83,540.0,900.0,338.31,100.0,258.99
2024-08-14,30.76,26.12,87.12,2.43,540.0,914.89,410.04,100.0,274.65
2024-08-15,24.9,25.11,90.91,1.74,540.0,893.88,383.94,100.0,276.04
2024-08-16,32.41,25.86,90.1,2.59,540.0,933.82,395.07,100.0,271.97
2024-08-17,25.28,23.67,82.72,1.49,540.0,909.42,369.76,100.0,268.47
2024-08-18,24.37,25.64,87.56,1.25,540.0,929.44,395.07,100.0,276.94
2024-08-19,27.34,24.93,85.57,1.37,540.0,878.52,361.15,100.0,277.77
2024-08-20,24.38,25.5,81.15,2.41,540.0,903.09,378.74,100.0,273.85
2024-08-21,24.92,26.22,82.8,1.99,540.0,878.21,372.9,100.0,269.1
2024-08-22,24.81,25.58,94.95,2.44,540.0,882.56,392.96,100.0,281.24
2024-08-23,26.12,26.71,91.64,1.59,540.0,882.98,382.35,100.0,266.57
2024-08-24,24.06,24.86,78.3,2.63,540.0,874.35,354.55,100.0,264.54
2024-08-25,23.56,26.2,84.83,2.04,540.0,871.52,377.66,100.0,275.7
2024-08-26,22.9,26.84,84.49,3.08,540.0,854.75,354.74,100.0,268.02
2024-08-27,24.65,25.43,84.83,2.32,540.0,841.92,342.88,100.0,256.38
2024-08-28,22.09,24.86,82.2,2.1,540.0,804.77,363.54,100.0,269.27
2024-08-29,27.06,25.39,89.48,2.25,540.0,840.81,360.78,100.0,270.6
2024-08-30,22.51,25.1,88.34,2.49,540.0,793.64,324.87,100.0,247.97
2024-08-31,20.05,26.01,87.3,2.11,540.0,792.31,337.25,100.0,254.05
2024-09-01,22.54,25.56,85.36,1.14,540.0,767.7,357.74,100.0,262.6
2024-09-02,22.67,25.45,86.35,2.62,540.0,761.05,348.59,100.0,278.23
2024-09-03,25.53,24.18,83.85,1.64,540.0,765.6,349.08,100.0,256.85
2024-09-04,19.58,24.49,76.24,3.37,540.0,755.82,374.87,100.0,272.64
2024-09-05,19.08,24.33,75.76,1.76,540.0,732.5,353.36,100.0,260.98
2024-09-06,21.91,21.9,80.41,1.12,540.0,745.08,331.96,100.0,250.02
2024-09-07,23.38,25.18,82.39,2.45,540.0,742.25,324.77,100.0,259.16
2024-09-08,18.2,20.93,77.04,1.55,540.0,705.62,312.73,100.0,240.53
2024-09-09,19.81,24.37,77.03,2.24,540.0,769.46,325.7,100.0,264.68
2024-09-10,18.71,23.57,79.61,1.47,540.0,712.54,293.36,100.0,236.92
2024-09-11,17.23,22.6,84.04,0.8,540.0,692.28,296.97,100.0,240.69
2024-09-12,17.92,23.48,81.7,1.33,540.0,656.27,328.04,100.0,259.33
2024-09-13,21.04,23.38,77.94,1.0,540.0,673.76,347.2,100.0,266.75
2024-09-14,17.57,20.66,80.77,2.02,540.0,665.36,315.35,100.0,252.88
2024-09-15,16.81,24.61,73.54,1.68,540.0,648.84,296.72,100.0,241.54
2024-09-16,18.38,22.45,76.43,1.42,540.0,678.89,246.2,100.0,217.89
2024-09-17,20.1,25.68,72.73,2.83,540.0,597.07,335.11,100.0,256.97
2024-09-18,14.63,23.25,79.37,1.68,540.0,612.58,275.61,100.0,232.54
2024-09-19,16.58,22.01,77.42,1.13,540.0,631.13,274.75,100.0,255.1
2024-09-20,14.81,20.76,77.34,1.05,540.0,580.5,289.68,100.0,243.94
2024-09-21,15.27,21.49,80.91,0.89,540.0,552.16,289.57,100.0,233.95
2024-09-22,16.68,21.74,73.93,1.34,540.0,565.34,291.65,100.0,241.32
2024-09-23,13.98,23.58,77.91,2.0,540.0,596.39,278.06,100.0,244.58
2024-09-24,14.06,23.08,83.91,0.98,540.0,537.54,293.7,100.0,252.44
2024-09-25,16.78,21.78,73.27,2.04,540.0,546.78,275.41,100.0,236.26
2024-09-26,14.72,23.62,69.31,2.11,540.0,558.6,276.76,100.0,238.03
2024-09-27,13.09,17.81,71.37,0.27,540.0,521.18,274.59,100.0,242.12
2024-09-28,13.33,21.39,76.73,1.14,540.0,517.06,265.1,100.0,228.57
2024-09-29,12.86,22.45,81.4,2.0,540.0,503.37,250.6,100.0,232.89
2024-09-30,10.32,21.25,80.33,1.56,540.0,488.77,248.83,100.0,231.89
2024-10-01,12.5,18.29,78.4,0.59,540.0,464.06,245.92,100.0,232.69
2024-10-02,10.05,22.24,76.12,1.23,540.0,475.67,278.02,100.0,238.99
2024-10-03,15.07,21.17,76.54,1.53,540.0,505.43,280.48,100.0,229.1
2024-10-04,9.49,20.41,75.33,1.1,540.0,507.05,266.52,100.0,237.17
2024-10-05,10.28,19.89,73.87,1.88,540.0,492.83,264.53,100.0,228.8
2024-10-06,9.73,22.62,68.17,1.84,540.0,454.86,285.74,100.0,253.83
2024-10-07,15.76,20.16,81.12,1.7,540.0,496.42,278.09,100.0,251.57
2024-10-08,13.58,19.0,78.84,0.73,540.0,504.64,299.53,100.0,238.16
2024-10-09,7.77,18.02,68.12,0.2,540.0,443.47,246.71,100.0,223.23
2024-10-10,9.77,20.24,73.72,2.75,540.0,408.1,228.87,100.0,207.33
2024-10-11,7.89,20.46,75.91,0.36,540.0,457.57,278.75,100.0,244.65
2024-10-12,9.7,18.94,72.68,0.2,540.0,379.97,246.0,100.0,224.97
2024-10-13,10.86,17.89,70.73,0.2,540.0,378.65,229.4,100.0,225.55
2024-10-14,9.47,20.6,75.67,2.5,540.0,346.69,249.7,100.0,226.4
2024-10-15,10.64,17.14,72.24,1.43,540.0,413.67,235.15,100.0,214.29
2024-10-16,7.97,21.31,66.16,1.66,540.0,333.2,250.25,100.0,231.82
2024-10-17,8.93,17.13,65.48,0.79,540.0,410.26,257.04,100.0,241.55
2024-10-18,9.91,16.19,58.81,0.66,540.0,424.86,244.31,100.0,228.25
2024-10-19,7.06,16.26,77.04,0.2,540.0,414.79,212.91,100.0,211.17
2024-10-20,6.31,16.21,65.3,1.07,540.0,328.96,214.65,100.0,217.88
2024-10-21,6.4,17.4,71.96,1.11,540.0,307.57,259.62,100.0,236.95
2024-10-22,7.11,16.94,64.63,0.2,540.0,331.37,267.1,100.0,234.35
2024-10-23,7.22,19.06,68.18,1.13,540.0,361.4,287.95,100.0,234.76
2024-10-24,7.83,18.73,69.44,0.81,540.0,367.16,244.35,100.0,242.59
2024-10-25,5.61,16.96,62.12,0.52,540.0,349.08,211.24,100.0,207.24
2024-10-26,8.64,21.84,70.45,1.26,540.0,345.89,258.77,100.0,249.01
2024-10-27,13.12,16.72,68.95,0.31,540.0,398.08,233.97,100.0,224.47
2024-10-28,5.38,16.81,68.64,0.2,540.0,321.01,213.51,100.0,224.83
2024-10-29,16.61,14.95,77.1,0.21,540.0,324.53,233.85,100.0,226.59
2024-10-30,13.6,16.64,72.33,0.23,540.0,324.1,264.51,100.0,228.78
2024-10-31,6.05,17.1,65.65,0.21,540.0,357.68,229.0,100.0,232.83
2024-11-01,5.6,14.78,74.13,0.2,540.0,327.6,226.46,100.0,227.02
2024-11-02,4.63,15.71,65.33,0.2,540.0,348.89,198.2,100.0,212.97
2024-11-03,8.11,16.85,66.75,0.37,540.0,300.86,223.34,100.0,226.8
2024-11-04,5.73,15.47,65.01,0.51,540.0,312.82,235.86,100.0,224.77
2024-11-05,5.87,15.06,60.76,0.2,540.0,284.87,216.18,100.0,204.0
2024-11-06,3.97,17.24,58.74,0.51,540.0,285.54,217.36,100.0,207.81
2024-11-07,7.8,14.06,64.18,0.2,540.0,290.81,222.54,100.0,221.3
2024-11-08,4.7,14.26,60.88,0.2,540.0,242.47,189.43,100.0,208.6
2024-11-09,3.45,16.07,62.61,1.01,540.0,275.83,169.51,100.0,203.8
2024-11-10,4.83,16.98,67.15,0.42,540.0,289.8,214.76,100.0,216.57
2024-11-11,3.59,16.09,61.82,0.2,540.0,248.6,205.82,100.0,208.23
2024-11-12,9.19,15.21,66.69,0.2,540.0,321.53,232.37,100.0,214.93
2024-11-13,12.09,15.01,64.86,0.2,540.0,284.04,263.0,100.0,228.52
2024-11-14,4.58,16.9,73.34,0.86,540.0,268.44,238.37,100.0,231.81
2024-11-15,7.77,16.6,70.42,0.53,540.0,270.84,171.42,100.0,199.32
2024-11-16,7.6,15.31,63.57,0.56,540.0,326.48,271.09,100.0,244.34
2024-11-17,3.33,14.75,63.97,0.2,540.0,260.82,223.89,100.0,214.63
2024-11-18,4.68,15.15,57.81,0.2,540.0,275.69,207.34,100.0,224.87
2024-11-19,3.55,13.94,62.09,0.2,540.0,287.38,243.74,100.0,224.65
2024-11-20,3.06,14.73,59.99,0.2,540.0,270.41,160.44,100.0,199.36
2024-11-21,7.59,14.16,67.22,0.2,540.0,241.3,196.1,100.0,210.87
2024-11-22,3.33,14.68,58.54,0.2,540.0,275.24,215.89,100.0,223.39
2024-11-23,4.95,14.09,69.6,0.24,540.0,257.53,210.53,100.0,219.36
2024-11-24,7.07,15.5,63.01,1.25,539.81,215.27,233.03,99.68,225.18
2024-11-25,8.73,15.89,60.23,0.2,540.0,296.96,238.54,100.0,226.02
2024-11-26,2.39,14.04,61.74,0.2,540.0,241.82,220.24,100.0,216.73
2024-11-27,2.43,13.34,64.68,0.2,540.0,250.46,202.32,100.0,222.64
2024-11-28,4.45,15.57,63.85,0.2,540.0,260.97,228.64,100.0,224.01
2024-11-29,1.71,14.74,61.44,0.2,540.0,230.59,192.89,100.0,215.95
2024-11-30,2.38,13.86,64.76,0.2,540.0,251.91,223.51,100.0,223.16
2024-12-01,7.68,16.43,65.77,0.35,540.0,213.16,187.7,100.0,207.31
2024-12-02,5.46,13.48,65.69,0.2,540.0,230.58,210.82,100.0,234.46
2024-12-03,3.53,11.3,61.09,0.2,540.0,273.49,182.33,100.0,217.15
2024-12-04,4.93,13.19,60.96,0.2,540.0,248.03,228.42,100.0,219.56
2024-12-05,5.61,16.65,60.41,0.2,540.0,225.59,195.55,100.0,227.15
2024-12-06,1.81,13.72,58.54,0.64,540.0,244.06,179.95,100.0,214.27
2024-12-07,2.79,13.39,61.34,0.2,540.0,247.36,188.69,100.0,202.93
2024-12-08,8.15,14.18,62.73,0.2,540.0,204.59,195.58,100.0,218.97
2024-12-09,4.19,15.63,67.27,0.2,540.0,283.97,195.54,100.0,215.7
2024-12-10,4.32,13.97,59.11,0.33,540.0,284.86,228.51,100.0,224.53
2024-12-11,3.51,14.96,56.48,0.2,540.0,245.45,202.85,100.0,222.23
2024-12-12,1.48,13.77,62.49,0.2,540.0,234.98,225.76,100.0,224.87
2024-12-13,2.49,14.94,60.18,0.71,540.0,231.15,201.07,100.0,200.49
